id,method-name,parametes-method,return-method,field-access,methods-method,contain-class-name,attributes-class,methods-class,contain-class-context,target-class-name,attributes-class,methods-class,target-class-context,tag,move-tag
0,search  For  Array  Object,Array  Element  Transformer,Set  Local,vt  vt  vt  vt  vt  vt,get  Op  get  Op  get  Op  get  Op  add  get  Op  get  Op  get  Op  get  Op  add  get  Op  get  Op  add,Array  Element  Transformer,phis  tmp  current  Stmt  Array  Value  s  Index  Type  index  Type  s  parent  size  other  Parents  elements  stmt,transform  Report  Changed  merge  init  First  Frame  exec  use  travel  main,Ir  Method  Array  Value  Array  Value  Stmt  Stmt  Stmt  Array  Value  Stmt  Value  Value  String,Ir  Method,is  Static  args  locals  name  owner  ret  stmts  traps  vars  phi  Labels,clone  to  String,Array  Element  Transformer,0,0
1,search  For  Array  Object,Array  Element  Transformer,Set  Local,vt  vt  vt  vt  vt  vt,get  Op  get  Op  get  Op  get  Op  add  get  Op  get  Op  get  Op  get  Op  add  get  Op  get  Op  add,Ir  Method,is  Static  args  locals  name  owner  ret  stmts  traps  vars  phi  Labels,clone  to  String,Array  Element  Transformer,Array  Element  Transformer,phis  tmp  current  Stmt  Array  Value  s  Index  Type  index  Type  s  parent  size  other  Parents  elements  stmt,transform  Report  Changed  merge  init  First  Frame  exec  use  travel  main,Ir  Method  Array  Value  Array  Value  Stmt  Stmt  Stmt  Array  Value  Stmt  Value  Value  String,1,1
2,rm  Unused,Set  Label  Stmt  Clean  Label,void,,get  First  contains  get  Next  remove  get  Next,Clean  Label,,transform  add  Vars  add  Stmt  add  Trap,Ir  Method  List  Local  Var  Set  Label  Stmt  Stmt  List  Set  Label  Stmt  List  Trap  Set  Label  Stmt,Stmt  List,Stmt  List  Iterator  current  next  list  first  last  index  size,Stmt  List  Iterator  has  Next  next  remove  add  add  All  clone  compare  contains  get  First  get  Last  get  Size  index  It  insert  After  insert  Before  insert  First  insert  Last  iterator  remove  replace  to  String  move  clear,Set  Label  Stmt  Clean  Label  Stmt  List  Stmt  Stmt  Collection  Stmt  Label  And  Local  Mapper  Stmt  Stmt  Stmt  Stmt  Stmt  Stmt  Stmt  Stmt  Stmt  Stmt  Stmt  Stmt  Stmt  Stmt  Stmt  Stmt,0,0
3,rm  Unused,Set  Label  Stmt  Clean  Label,void,,get  First  contains  get  Next  remove  get  Next,Stmt  List,Stmt  List  Iterator  current  next  list  first  last  index  size,Stmt  List  Iterator  has  Next  next  remove  add  add  All  clone  compare  contains  get  First  get  Last  get  Size  index  It  insert  After  insert  Before  insert  First  insert  Last  iterator  remove  replace  to  String  move  clear,Set  Label  Stmt  Clean  Label  Stmt  List  Stmt  Stmt  Collection  Stmt  Label  And  Local  Mapper  Stmt  Stmt  Stmt  Stmt  Stmt  Stmt  Stmt  Stmt  Stmt  Stmt  Stmt  Stmt  Stmt  Stmt  Stmt  Stmt,Clean  Label,,transform  add  Vars  add  Stmt  add  Trap,Ir  Method  List  Local  Var  Set  Label  Stmt  Stmt  List  Set  Label  Stmt  List  Trap  Set  Label  Stmt,1,1
4,add  Stmt,Stmt  List  Set  Label  Stmt,void,,get  First  get  Next  add  get  Target  add  add,Clean  Label,,transform  add  Vars  add  Trap,Ir  Method  List  Local  Var  Set  Label  Stmt  Stmt  List  Set  Label  Stmt  List  Trap  Set  Label  Stmt,Stmt  List,Stmt  List  Iterator  current  next  list  first  last  index  size,rm  Unused  Stmt  List  Iterator  has  Next  next  remove  add  add  All  clone  compare  contains  get  First  get  Last  get  Size  index  It  insert  After  insert  Before  insert  First  insert  Last  iterator  remove  replace  to  String  move  clear,Set  Label  Stmt  Clean  Label  Stmt  List  Stmt  Stmt  Collection  Stmt  Label  And  Local  Mapper  Stmt  Stmt  Stmt  Stmt  Stmt  Stmt  Stmt  Stmt  Stmt  Stmt  Stmt  Stmt  Stmt  Stmt  Stmt  Stmt,0,0
5,add  Stmt,Stmt  List  Set  Label  Stmt,void,,get  First  get  Next  add  get  Target  add  add,Stmt  List,Stmt  List  Iterator  current  next  list  first  last  index  size,rm  Unused  Stmt  List  Iterator  has  Next  next  remove  add  add  All  clone  compare  contains  get  First  get  Last  get  Size  index  It  insert  After  insert  Before  insert  First  insert  Last  iterator  remove  replace  to  String  move  clear,Set  Label  Stmt  Clean  Label  Stmt  List  Stmt  Stmt  Collection  Stmt  Label  And  Local  Mapper  Stmt  Stmt  Stmt  Stmt  Stmt  Stmt  Stmt  Stmt  Stmt  Stmt  Stmt  Stmt  Stmt  Stmt  Stmt  Stmt,Clean  Label,,transform  add  Vars  add  Trap,Ir  Method  List  Local  Var  Set  Label  Stmt  Stmt  List  Set  Label  Stmt  List  Trap  Set  Label  Stmt,1,0
6,move  End,Stmt  List  Label  Stmt  End  Remover,void,target,n  Goto  insert  Before  get  Last  remove  get  Last  move,End  Remover,keep  Local,map  transform  move  Label,Local  Ir  Method  Stmt  List  Label  Stmt  Stmt  Label  Stmt,Stmt  List,Stmt  List  Iterator  current  next  list  first  last  index  size,rm  Unused  Stmt  List  Iterator  has  Next  next  remove  add  add  All  clone  compare  contains  get  First  get  Last  get  Size  index  It  insert  After  insert  Before  insert  First  insert  Last  iterator  remove  replace  to  String  move  clear,Set  Label  Stmt  Clean  Label  Stmt  List  Stmt  Stmt  Collection  Stmt  Label  And  Local  Mapper  Stmt  Stmt  Stmt  Stmt  Stmt  Stmt  Stmt  Stmt  Stmt  Stmt  Stmt  Stmt  Stmt  Stmt  Stmt  Stmt,0,0
7,move  End,Stmt  List  Label  Stmt  End  Remover,void,target,n  Goto  insert  Before  get  Last  remove  get  Last  move,Stmt  List,Stmt  List  Iterator  current  next  list  first  last  index  size,rm  Unused  Stmt  List  Iterator  has  Next  next  remove  add  add  All  clone  compare  contains  get  First  get  Last  get  Size  index  It  insert  After  insert  Before  insert  First  insert  Last  iterator  remove  replace  to  String  move  clear,Set  Label  Stmt  Clean  Label  Stmt  List  Stmt  Stmt  Collection  Stmt  Label  And  Local  Mapper  Stmt  Stmt  Stmt  Stmt  Stmt  Stmt  Stmt  Stmt  Stmt  Stmt  Stmt  Stmt  Stmt  Stmt  Stmt  Stmt,End  Remover,keep  Local,map  transform  move  Label,Local  Ir  Method  Stmt  List  Label  Stmt  Stmt  Label  Stmt,1,0
8,move  End,Stmt  List  Label  Stmt  End  Remover,void,target,n  Goto  insert  Before  get  Last  remove  get  Last  move,End  Remover,keep  Local,map  transform  move  Label,Local  Ir  Method  Stmt  List  Label  Stmt  Stmt  Label  Stmt,Stmt,E  Stmt  E  Stmt  op  E  Stmt  op  op  can  continue  can  brnanch  can  switch  can  throw  may  throw  st  config  cfg  froms  exception  Handlers  visited  frame  ts  default  next  et  id  list  next  pre  st,E  Stmt  E  Stmt  get  Op  set  Op  E  Stmt  get  Op  get  Op  set  Op  set  Op  st  can  Branch  can  Continue  can  Switch  may  Throw  can  Throw  Stmt  clone  get  Next  get  Op  get  Op  get  Op  get  Ops  get  Pre  set  Op  set  Op  set  Op  set  Ops,Stmt  List  Label  Stmt  End  Remover  st  st  Value  Value  st  Value  Value  Value  Value  int  st  et  Label  And  Local  Mapper  Value  Value  Value  Value,0,0
9,move  End,Stmt  List  Label  Stmt  End  Remover,void,target,n  Goto  insert  Before  get  Last  remove  get  Last  move,Stmt,E  Stmt  E  Stmt  op  E  Stmt  op  op  can  continue  can  brnanch  can  switch  can  throw  may  throw  st  config  cfg  froms  exception  Handlers  visited  frame  ts  default  next  et  id  list  next  pre  st,E  Stmt  E  Stmt  get  Op  set  Op  E  Stmt  get  Op  get  Op  set  Op  set  Op  st  can  Branch  can  Continue  can  Switch  may  Throw  can  Throw  Stmt  clone  get  Next  get  Op  get  Op  get  Op  get  Ops  get  Pre  set  Op  set  Op  set  Op  set  Ops,Stmt  List  Label  Stmt  End  Remover  st  st  Value  Value  st  Value  Value  Value  Value  int  st  et  Label  And  Local  Mapper  Value  Value  Value  Value,End  Remover,keep  Local,map  transform  move  Label,Local  Ir  Method  Stmt  List  Label  Stmt  Stmt  Label  Stmt,1,1
10,move  End,Stmt  List  Label  Stmt  End  Remover,void,target,n  Goto  insert  Before  get  Last  remove  get  Last  move,End  Remover,keep  Local,map  transform  move  Label,Local  Ir  Method  Stmt  List  Label  Stmt  Stmt  Label  Stmt,Label  Stmt,display  Name  line  Number  phis  tag,Label  Stmt  clone  get  Display  Name  to  String,Label  And  Local  Mapper,0,0
11,move  End,Stmt  List  Label  Stmt  End  Remover,void,target,n  Goto  insert  Before  get  Last  remove  get  Last  move,Label  Stmt,display  Name  line  Number  phis  tag,Label  Stmt  clone  get  Display  Name  to  String,Label  And  Local  Mapper,End  Remover,keep  Local,map  transform  move  Label,Local  Ir  Method  Stmt  List  Label  Stmt  Stmt  Label  Stmt,1,0
12,collect  Local  Used  In  Phi,Ir  Method,Set  Local,,add  get  Op  get  Ops  get  Op  add,Agg  Transformer,fail  success  Merge  Result  Replace  X  local  replace  With,transform  Report  Changed  local  Can  Exec  First  local  Can  Exec  First  on  Assign  on  Use  simple  Merge  Locals  on  Assign  on  Use  mod  Replace  is  Location  Insensitive  is  Location  Insensitive,Ir  Method  Local  Stmt  Local  Value  Local  Assign  Stmt  Local  Ir  Method  boolean  Set  Stmt  Local  Assign  Stmt  Local  Ir  Method  Value  Cfg  Travel  Call  Back  Value  V  T  Value,Ir  Method,is  Static  args  locals  name  owner  ret  stmts  traps  vars  phi  Labels,clone  to  String  search  For  Array  Object,Array  Element  Transformer,0,0
13,collect  Local  Used  In  Phi,Ir  Method,Set  Local,,add  get  Op  get  Ops  get  Op  add,Ir  Method,is  Static  args  locals  name  owner  ret  stmts  traps  vars  phi  Labels,clone  to  String  search  For  Array  Object,Array  Element  Transformer,Agg  Transformer,fail  success  Merge  Result  Replace  X  local  replace  With,transform  Report  Changed  local  Can  Exec  First  local  Can  Exec  First  on  Assign  on  Use  simple  Merge  Locals  on  Assign  on  Use  mod  Replace  is  Location  Insensitive  is  Location  Insensitive,Ir  Method  Local  Stmt  Local  Value  Local  Assign  Stmt  Local  Ir  Method  boolean  Set  Stmt  Local  Assign  Stmt  Local  Ir  Method  Value  Cfg  Travel  Call  Back  Value  V  T  Value,1,0
14,find  Invoke  Expr,Stmt  Invoke  Expr,Invoke  Expr,vt,get  Op  get  Op  get  Op,New  Transformer,ignored  keep  Frame  tmp  stmt  Traveler  current  T  Object  invoke  Stmt  local  use  Before  Init  init  Vx  init  obj,transform  replace  X  replace  A  S  T  replace  make  Sure  Used  Before  Constructor  travel  travel  merge  init  First  Frame  exec  use  T  Object  Vx,Ir  Method  Ir  Method  Ir  Method  Ir  Method  T  Object  int  Ir  Method  final  final  T  Object  T  Object  int  Stmt  Value  Vx  Vx  Stmt  Stmt  Stmt  Vx  Stmt  Local  Stmt  Invoke  Expr  Local  Assign  Stmt  T  Object  boolean,Stmt,E  Stmt  E  Stmt  op  E  Stmt  op  op  can  continue  can  brnanch  can  switch  can  throw  may  throw  st  config  cfg  froms  exception  Handlers  visited  frame  ts  default  next  et  id  list  next  pre  st,move  End  E  Stmt  E  Stmt  get  Op  set  Op  E  Stmt  get  Op  get  Op  set  Op  set  Op  st  can  Branch  can  Continue  can  Switch  may  Throw  can  Throw  Stmt  clone  get  Next  get  Op  get  Op  get  Op  get  Ops  get  Pre  set  Op  set  Op  set  Op  set  Ops,Stmt  List  Label  Stmt  End  Remover  st  st  Value  Value  st  Value  Value  Value  Value  int  st  et  Label  And  Local  Mapper  Value  Value  Value  Value,0,0
15,find  Invoke  Expr,Stmt  Invoke  Expr,Invoke  Expr,vt,get  Op  get  Op  get  Op,Stmt,E  Stmt  E  Stmt  op  E  Stmt  op  op  can  continue  can  brnanch  can  switch  can  throw  may  throw  st  config  cfg  froms  exception  Handlers  visited  frame  ts  default  next  et  id  list  next  pre  st,move  End  E  Stmt  E  Stmt  get  Op  set  Op  E  Stmt  get  Op  get  Op  set  Op  set  Op  st  can  Branch  can  Continue  can  Switch  may  Throw  can  Throw  Stmt  clone  get  Next  get  Op  get  Op  get  Op  get  Ops  get  Pre  set  Op  set  Op  set  Op  set  Ops,Stmt  List  Label  Stmt  End  Remover  st  st  Value  Value  st  Value  Value  Value  Value  int  st  et  Label  And  Local  Mapper  Value  Value  Value  Value,New  Transformer,ignored  keep  Frame  tmp  stmt  Traveler  current  T  Object  invoke  Stmt  local  use  Before  Init  init  Vx  init  obj,transform  replace  X  replace  A  S  T  replace  make  Sure  Used  Before  Constructor  travel  travel  merge  init  First  Frame  exec  use  T  Object  Vx,Ir  Method  Ir  Method  Ir  Method  Ir  Method  T  Object  int  Ir  Method  final  final  T  Object  T  Object  int  Stmt  Value  Vx  Vx  Stmt  Stmt  Stmt  Vx  Stmt  Local  Stmt  Invoke  Expr  Local  Assign  Stmt  T  Object  boolean,1,0
16,clean  Tags  And  Re  Index,Ir  Method,void,,,S  S  A  Transformer,S  S  A  Analyze  next  Index  S  S  A  Value  local  other  Parents  used  parent,delete  Dead  Code  replace  Locals  With  S  S  A  on  Assign  on  Use  transform  prepare  on  Assign  on  Use  on  Assign  on  Use  S  S  A  Analyze  after  Exec  on  Use  on  Assign  analyze  Value  clear  Ls  Empty  Value  From  Frame  init  init  C  F  G  mark  Used  merge  need  Copy  Frame  new  Frame  new  Value  on  Assign  Local  on  Use  Local  relation  Merge  link  Parent  Children  to  Rsp  to  String,Ir  Method  Ir  Method  Ir  Method  Local  Assign  Stmt  Local  Ir  Method  Ir  Method  Local  Assign  Stmt  Local  Local  Assign  Stmt  Local  Ir  Method  S  S  A  Value  Stmt  Local  Local  Assign  Stmt  S  S  A  Value  S  S  A  Value  Stmt  Stmt  Stmt  int  Local  Value  S  S  A  Value  Local  S  S  A  Value  Stmt  S  S  A  Value  S  S  A  Value  S  S  A  Value,Ir  Method,is  Static  args  locals  name  owner  ret  stmts  traps  vars  phi  Labels,clone  to  String  search  For  Array  Object,Array  Element  Transformer,0,0
17,clean  Tags  And  Re  Index,Ir  Method,void,,,Ir  Method,is  Static  args  locals  name  owner  ret  stmts  traps  vars  phi  Labels,clone  to  String  search  For  Array  Object,Array  Element  Transformer,S  S  A  Transformer,S  S  A  Analyze  next  Index  S  S  A  Value  local  other  Parents  used  parent,delete  Dead  Code  replace  Locals  With  S  S  A  on  Assign  on  Use  transform  prepare  on  Assign  on  Use  on  Assign  on  Use  S  S  A  Analyze  after  Exec  on  Use  on  Assign  analyze  Value  clear  Ls  Empty  Value  From  Frame  init  init  C  F  G  mark  Used  merge  need  Copy  Frame  new  Frame  new  Value  on  Assign  Local  on  Use  Local  relation  Merge  link  Parent  Children  to  Rsp  to  String,Ir  Method  Ir  Method  Ir  Method  Local  Assign  Stmt  Local  Ir  Method  Ir  Method  Local  Assign  Stmt  Local  Local  Assign  Stmt  Local  Ir  Method  S  S  A  Value  Stmt  Local  Local  Assign  Stmt  S  S  A  Value  S  S  A  Value  Stmt  Stmt  Stmt  int  Local  Value  S  S  A  Value  Local  S  S  A  Value  Stmt  S  S  A  Value  S  S  A  Value  S  S  A  Value,1,0
18,delete  Dead  Code,Ir  Method,void,,iterator  has  Next  next  remove,S  S  A  Transformer,S  S  A  Analyze  next  Index  S  S  A  Value  local  other  Parents  used  parent,clean  Tags  And  Re  Index  replace  Locals  With  S  S  A  on  Assign  on  Use  transform  prepare  on  Assign  on  Use  on  Assign  on  Use  S  S  A  Analyze  after  Exec  on  Use  on  Assign  analyze  Value  clear  Ls  Empty  Value  From  Frame  init  init  C  F  G  mark  Used  merge  need  Copy  Frame  new  Frame  new  Value  on  Assign  Local  on  Use  Local  relation  Merge  link  Parent  Children  to  Rsp  to  String,Ir  Method  Ir  Method  Ir  Method  Local  Assign  Stmt  Local  Ir  Method  Ir  Method  Local  Assign  Stmt  Local  Local  Assign  Stmt  Local  Ir  Method  S  S  A  Value  Stmt  Local  Local  Assign  Stmt  S  S  A  Value  S  S  A  Value  Stmt  Stmt  Stmt  int  Local  Value  S  S  A  Value  Local  S  S  A  Value  Stmt  S  S  A  Value  S  S  A  Value  S  S  A  Value,Ir  Method,is  Static  args  locals  name  owner  ret  stmts  traps  vars  phi  Labels,clone  to  String  search  For  Array  Object,Array  Element  Transformer,0,0
19,delete  Dead  Code,Ir  Method,void,,iterator  has  Next  next  remove,Ir  Method,is  Static  args  locals  name  owner  ret  stmts  traps  vars  phi  Labels,clone  to  String  search  For  Array  Object,Array  Element  Transformer,S  S  A  Transformer,S  S  A  Analyze  next  Index  S  S  A  Value  local  other  Parents  used  parent,clean  Tags  And  Re  Index  replace  Locals  With  S  S  A  on  Assign  on  Use  transform  prepare  on  Assign  on  Use  on  Assign  on  Use  S  S  A  Analyze  after  Exec  on  Use  on  Assign  analyze  Value  clear  Ls  Empty  Value  From  Frame  init  init  C  F  G  mark  Used  merge  need  Copy  Frame  new  Frame  new  Value  on  Assign  Local  on  Use  Local  relation  Merge  link  Parent  Children  to  Rsp  to  String,Ir  Method  Ir  Method  Ir  Method  Local  Assign  Stmt  Local  Ir  Method  Ir  Method  Local  Assign  Stmt  Local  Local  Assign  Stmt  Local  Ir  Method  S  S  A  Value  Stmt  Local  Local  Assign  Stmt  S  S  A  Value  S  S  A  Value  Stmt  Stmt  Stmt  int  Local  Value  S  S  A  Value  Local  S  S  A  Value  Stmt  S  S  A  Value  S  S  A  Value  S  S  A  Value,1,0
20,prepare,Ir  Method,boolean,,re  Index  Local  travel,S  S  A  Transformer,S  S  A  Analyze  next  Index  S  S  A  Value  local  other  Parents  used  parent,clean  Tags  And  Re  Index  delete  Dead  Code  replace  Locals  With  S  S  A  on  Assign  on  Use  transform  on  Assign  on  Use  on  Assign  on  Use  S  S  A  Analyze  after  Exec  on  Use  on  Assign  analyze  Value  clear  Ls  Empty  Value  From  Frame  init  init  C  F  G  mark  Used  merge  need  Copy  Frame  new  Frame  new  Value  on  Assign  Local  on  Use  Local  relation  Merge  link  Parent  Children  to  Rsp  to  String,Ir  Method  Ir  Method  Ir  Method  Local  Assign  Stmt  Local  Ir  Method  Ir  Method  Local  Assign  Stmt  Local  Local  Assign  Stmt  Local  Ir  Method  S  S  A  Value  Stmt  Local  Local  Assign  Stmt  S  S  A  Value  S  S  A  Value  Stmt  Stmt  Stmt  int  Local  Value  S  S  A  Value  Local  S  S  A  Value  Stmt  S  S  A  Value  S  S  A  Value  S  S  A  Value,Ir  Method,is  Static  args  locals  name  owner  ret  stmts  traps  vars  phi  Labels,clone  to  String  search  For  Array  Object,Array  Element  Transformer,0,0
21,prepare,Ir  Method,boolean,,re  Index  Local  travel,Ir  Method,is  Static  args  locals  name  owner  ret  stmts  traps  vars  phi  Labels,clone  to  String  search  For  Array  Object,Array  Element  Transformer,S  S  A  Transformer,S  S  A  Analyze  next  Index  S  S  A  Value  local  other  Parents  used  parent,clean  Tags  And  Re  Index  delete  Dead  Code  replace  Locals  With  S  S  A  on  Assign  on  Use  transform  on  Assign  on  Use  on  Assign  on  Use  S  S  A  Analyze  after  Exec  on  Use  on  Assign  analyze  Value  clear  Ls  Empty  Value  From  Frame  init  init  C  F  G  mark  Used  merge  need  Copy  Frame  new  Frame  new  Value  on  Assign  Local  on  Use  Local  relation  Merge  link  Parent  Children  to  Rsp  to  String,Ir  Method  Ir  Method  Ir  Method  Local  Assign  Stmt  Local  Ir  Method  Ir  Method  Local  Assign  Stmt  Local  Local  Assign  Stmt  Local  Ir  Method  S  S  A  Value  Stmt  Local  Local  Assign  Stmt  S  S  A  Value  S  S  A  Value  Stmt  Stmt  Stmt  int  Local  Value  S  S  A  Value  Local  S  S  A  Value  Stmt  S  S  A  Value  S  S  A  Value  S  S  A  Value,1,0
22,clean,Ir  Method,void,,,Const  Transformer,Const  Analyze  Value  zero  local  is  Const  replacable  cst  assign  From  assign  To,transform  replace  on  Use  on  Assign  mark  Replacable  mark  Constant  collect  init  Const  Analyze  Value  is  Zero,Ir  Method  Ir  Method  Ir  Method  Local  Local  Assign  Stmt  Ir  Method  Ir  Method  Ir  Method  Ir  Method  Local,Ir  Method,is  Static  args  locals  name  owner  ret  stmts  traps  vars  phi  Labels,clone  to  String  search  For  Array  Object,Array  Element  Transformer,0,0
23,clean,Ir  Method,void,,,Ir  Method,is  Static  args  locals  name  owner  ret  stmts  traps  vars  phi  Labels,clone  to  String  search  For  Array  Object,Array  Element  Transformer,Const  Transformer,Const  Analyze  Value  zero  local  is  Const  replacable  cst  assign  From  assign  To,transform  replace  on  Use  on  Assign  mark  Replacable  mark  Constant  collect  init  Const  Analyze  Value  is  Zero,Ir  Method  Ir  Method  Ir  Method  Local  Local  Assign  Stmt  Ir  Method  Ir  Method  Ir  Method  Ir  Method  Local,1,0
24,mark  Replacable,Ir  Method,void,,equals  equals,Const  Transformer,Const  Analyze  Value  zero  local  is  Const  replacable  cst  assign  From  assign  To,transform  clean  replace  on  Use  on  Assign  mark  Constant  collect  init  Const  Analyze  Value  is  Zero,Ir  Method  Ir  Method  Ir  Method  Local  Local  Assign  Stmt  Ir  Method  Ir  Method  Ir  Method  Ir  Method  Local,Ir  Method,is  Static  args  locals  name  owner  ret  stmts  traps  vars  phi  Labels,clone  to  String  search  For  Array  Object,Array  Element  Transformer,0,0
25,mark  Replacable,Ir  Method,void,,equals  equals,Ir  Method,is  Static  args  locals  name  owner  ret  stmts  traps  vars  phi  Labels,clone  to  String  search  For  Array  Object,Array  Element  Transformer,Const  Transformer,Const  Analyze  Value  zero  local  is  Const  replacable  cst  assign  From  assign  To,transform  clean  replace  on  Use  on  Assign  mark  Constant  collect  init  Const  Analyze  Value  is  Zero,Ir  Method  Ir  Method  Ir  Method  Local  Local  Assign  Stmt  Ir  Method  Ir  Method  Ir  Method  Ir  Method  Local,1,0
26,mark  Constant,Ir  Method,void,tag,add  All  is  Empty  poll  equals  equals  add  equals  equals  add,Const  Transformer,Const  Analyze  Value  zero  local  is  Const  replacable  cst  assign  From  assign  To,transform  clean  replace  on  Use  on  Assign  mark  Replacable  collect  init  Const  Analyze  Value  is  Zero,Ir  Method  Ir  Method  Ir  Method  Local  Local  Assign  Stmt  Ir  Method  Ir  Method  Ir  Method  Ir  Method  Local,Ir  Method,is  Static  args  locals  name  owner  ret  stmts  traps  vars  phi  Labels,clone  to  String  search  For  Array  Object,Array  Element  Transformer,0,0
27,mark  Constant,Ir  Method,void,tag,add  All  is  Empty  poll  equals  equals  add  equals  equals  add,Ir  Method,is  Static  args  locals  name  owner  ret  stmts  traps  vars  phi  Labels,clone  to  String  search  For  Array  Object,Array  Element  Transformer,Const  Transformer,Const  Analyze  Value  zero  local  is  Const  replacable  cst  assign  From  assign  To,transform  clean  replace  on  Use  on  Assign  mark  Replacable  collect  init  Const  Analyze  Value  is  Zero,Ir  Method  Ir  Method  Ir  Method  Local  Local  Assign  Stmt  Ir  Method  Ir  Method  Ir  Method  Ir  Method  Local,1,0
28,collect,Ir  Method,void,tag  tag,get  First  get  Next  trim  trim  add  add  trim  add  add,Const  Transformer,Const  Analyze  Value  zero  local  is  Const  replacable  cst  assign  From  assign  To,transform  clean  replace  on  Use  on  Assign  mark  Replacable  mark  Constant  init  Const  Analyze  Value  is  Zero,Ir  Method  Ir  Method  Ir  Method  Local  Local  Assign  Stmt  Ir  Method  Ir  Method  Ir  Method  Ir  Method  Local,Ir  Method,is  Static  args  locals  name  owner  ret  stmts  traps  vars  phi  Labels,clone  to  String  search  For  Array  Object,Array  Element  Transformer,0,0
29,collect,Ir  Method,void,tag  tag,get  First  get  Next  trim  trim  add  add  trim  add  add,Ir  Method,is  Static  args  locals  name  owner  ret  stmts  traps  vars  phi  Labels,clone  to  String  search  For  Array  Object,Array  Element  Transformer,Const  Transformer,Const  Analyze  Value  zero  local  is  Const  replacable  cst  assign  From  assign  To,transform  clean  replace  on  Use  on  Assign  mark  Replacable  mark  Constant  init  Const  Analyze  Value  is  Zero,Ir  Method  Ir  Method  Ir  Method  Local  Local  Assign  Stmt  Ir  Method  Ir  Method  Ir  Method  Ir  Method  Local,1,0
30,init,Ir  Method,void,,value  Of,Const  Transformer,Const  Analyze  Value  zero  local  is  Const  replacable  cst  assign  From  assign  To,transform  clean  replace  on  Use  on  Assign  mark  Replacable  mark  Constant  collect  Const  Analyze  Value  is  Zero,Ir  Method  Ir  Method  Ir  Method  Local  Local  Assign  Stmt  Ir  Method  Ir  Method  Ir  Method  Ir  Method  Local,Ir  Method,is  Static  args  locals  name  owner  ret  stmts  traps  vars  phi  Labels,clone  to  String  search  For  Array  Object,Array  Element  Transformer,0,0
31,init,Ir  Method,void,,value  Of,Ir  Method,is  Static  args  locals  name  owner  ret  stmts  traps  vars  phi  Labels,clone  to  String  search  For  Array  Object,Array  Element  Transformer,Const  Transformer,Const  Analyze  Value  zero  local  is  Const  replacable  cst  assign  From  assign  To,transform  clean  replace  on  Use  on  Assign  mark  Replacable  mark  Constant  collect  Const  Analyze  Value  is  Zero,Ir  Method  Ir  Method  Ir  Method  Local  Local  Assign  Stmt  Ir  Method  Ir  Method  Ir  Method  Ir  Method  Local,1,0
32,simple  Assign,List  Label  Stmt  List  Assign  Stmt  Map  Local  Local  Stmt  List,boolean,,add  All  as  List  get  Ops  get  Op  iterator  has  Next  next  contains  get  Op  remove  remove  put  get  Op  get  Op,Remove  Local  From  S  S  A,Phi  Object  parent  children  local  is  Init  By  Phi,replace  Assign  replace  Phi  get  Or  Create  link  Phi  Object  simple  Phi  remove  Loop  From  Phi  collect  Phi  Objects  fix  Replace  compare  transform  Report  Changed  on  Assign  on  Use,List  Assign  Stmt  t  List  Label  Stmt  List  Assign  Stmt  Local  Stmt  List  List  Label  Stmt  Local  Set  Value  Phi  Object  Local  Phi  Object  Phi  Object  List  Label  Stmt  Local  Set  Value  List  Label  Stmt  Local  List  Label  Stmt  t  t  t  Ir  Method  Local  Assign  Stmt  Local,Stmt  List,Stmt  List  Iterator  current  next  list  first  last  index  size,rm  Unused  Stmt  List  Iterator  has  Next  next  remove  add  add  All  clone  compare  contains  get  First  get  Last  get  Size  index  It  insert  After  insert  Before  insert  First  insert  Last  iterator  remove  replace  to  String  move  clear,Set  Label  Stmt  Clean  Label  Stmt  List  Stmt  Stmt  Collection  Stmt  Label  And  Local  Mapper  Stmt  Stmt  Stmt  Stmt  Stmt  Stmt  Stmt  Stmt  Stmt  Stmt  Stmt  Stmt  Stmt  Stmt  Stmt  Stmt,0,0
33,simple  Assign,List  Label  Stmt  List  Assign  Stmt  Map  Local  Local  Stmt  List,boolean,,add  All  as  List  get  Ops  get  Op  iterator  has  Next  next  contains  get  Op  remove  remove  put  get  Op  get  Op,Stmt  List,Stmt  List  Iterator  current  next  list  first  last  index  size,rm  Unused  Stmt  List  Iterator  has  Next  next  remove  add  add  All  clone  compare  contains  get  First  get  Last  get  Size  index  It  insert  After  insert  Before  insert  First  insert  Last  iterator  remove  replace  to  String  move  clear,Set  Label  Stmt  Clean  Label  Stmt  List  Stmt  Stmt  Collection  Stmt  Label  And  Local  Mapper  Stmt  Stmt  Stmt  Stmt  Stmt  Stmt  Stmt  Stmt  Stmt  Stmt  Stmt  Stmt  Stmt  Stmt  Stmt  Stmt,Remove  Local  From  S  S  A,Phi  Object  parent  children  local  is  Init  By  Phi,replace  Assign  replace  Phi  get  Or  Create  link  Phi  Object  simple  Phi  remove  Loop  From  Phi  collect  Phi  Objects  fix  Replace  compare  transform  Report  Changed  on  Assign  on  Use,List  Assign  Stmt  t  List  Label  Stmt  List  Assign  Stmt  Local  Stmt  List  List  Label  Stmt  Local  Set  Value  Phi  Object  Local  Phi  Object  Phi  Object  List  Label  Stmt  Local  Set  Value  List  Label  Stmt  Local  List  Label  Stmt  t  t  t  Ir  Method  Local  Assign  Stmt  Local,1,0
34,gen  Graph,Ir  Method  Reg,Reg,vt  ls  index,get  Op  get  Op  get  Op  collect  Tos  add  add  clear  add  add  remove  remove,Ir  J  Reg  Assign  Transformer,Reg  excludes  prefers  reg  type  Order  Reg  Assign  By  Preferred  Size  Desc,compare  group  And  Clean  Up  By  Type  init  Exclude  Color  init  Suggest  Color  transform  exclude  Parameters,Reg  Reg  Ir  Method  Reg  Reg  Bit  Set  Reg  Bit  Set  Reg  Ir  Method  Bit  Set  Reg  char,Ir  Method,is  Static  args  locals  name  owner  ret  stmts  traps  vars  phi  Labels,clone  to  String  search  For  Array  Object,Array  Element  Transformer,0,0
35,gen  Graph,Ir  Method  Reg,Reg,vt  ls  index,get  Op  get  Op  get  Op  collect  Tos  add  add  clear  add  add  remove  remove,Ir  Method,is  Static  args  locals  name  owner  ret  stmts  traps  vars  phi  Labels,clone  to  String  search  For  Array  Object,Array  Element  Transformer,Ir  J  Reg  Assign  Transformer,Reg  excludes  prefers  reg  type  Order  Reg  Assign  By  Preferred  Size  Desc,compare  group  And  Clean  Up  By  Type  init  Exclude  Color  init  Suggest  Color  transform  exclude  Parameters,Reg  Reg  Ir  Method  Reg  Reg  Bit  Set  Reg  Bit  Set  Reg  Ir  Method  Bit  Set  Reg  char,1,0
36,clone,Label  And  Local  Mapper,Stmt  List,,add  clone,Stmt  List,Stmt  List  Iterator  current  next  list  first  last  index  size,rm  Unused  Stmt  List  Iterator  has  Next  next  remove  add  add  All  compare  contains  get  First  get  Last  get  Size  index  It  insert  After  insert  Before  insert  First  insert  Last  iterator  remove  replace  to  String  move  clear,Set  Label  Stmt  Clean  Label  Stmt  List  Stmt  Stmt  Collection  Stmt  Label  And  Local  Mapper  Stmt  Stmt  Stmt  Stmt  Stmt  Stmt  Stmt  Stmt  Stmt  Stmt  Stmt  Stmt  Stmt  Stmt  Stmt  Stmt,Label  And  Local  Mapper,labels  locals,map  map  clone  Other,Label  Stmt  Local  Trap,0,0
37,clone,Label  And  Local  Mapper,Stmt  List,,add  clone,Label  And  Local  Mapper,labels  locals,map  map  clone  Other,Label  Stmt  Local  Trap,Stmt  List,Stmt  List  Iterator  current  next  list  first  last  index  size,rm  Unused  Stmt  List  Iterator  has  Next  next  remove  add  add  All  compare  contains  get  First  get  Last  get  Size  index  It  insert  After  insert  Before  insert  First  insert  Last  iterator  remove  replace  to  String  move  clear,Set  Label  Stmt  Clean  Label  Stmt  List  Stmt  Stmt  Collection  Stmt  Label  And  Local  Mapper  Stmt  Stmt  Stmt  Stmt  Stmt  Stmt  Stmt  Stmt  Stmt  Stmt  Stmt  Stmt  Stmt  Stmt  Stmt  Stmt,1,0
40,travel,Stmt  List,void,,travel,Stmt  Searcher,,travel  travel,Stmt  List  Stmt  Value,Stmt  List,Stmt  List  Iterator  current  next  list  first  last  index  size,rm  Unused  Stmt  List  Iterator  has  Next  next  remove  add  add  All  clone  compare  contains  get  First  get  Last  get  Size  index  It  insert  After  insert  Before  insert  First  insert  Last  iterator  remove  replace  to  String  move  clear,Set  Label  Stmt  Clean  Label  Stmt  List  Stmt  Stmt  Collection  Stmt  Label  And  Local  Mapper  Stmt  Stmt  Stmt  Stmt  Stmt  Stmt  Stmt  Stmt  Stmt  Stmt  Stmt  Stmt  Stmt  Stmt  Stmt  Stmt,0,0
41,travel,Stmt  List,void,,travel,Stmt  List,Stmt  List  Iterator  current  next  list  first  last  index  size,rm  Unused  Stmt  List  Iterator  has  Next  next  remove  add  add  All  clone  compare  contains  get  First  get  Last  get  Size  index  It  insert  After  insert  Before  insert  First  insert  Last  iterator  remove  replace  to  String  move  clear,Set  Label  Stmt  Clean  Label  Stmt  List  Stmt  Stmt  Collection  Stmt  Label  And  Local  Mapper  Stmt  Stmt  Stmt  Stmt  Stmt  Stmt  Stmt  Stmt  Stmt  Stmt  Stmt  Stmt  Stmt  Stmt  Stmt  Stmt,Stmt  Searcher,,travel  travel,Stmt  List  Stmt  Value,1,0
42,travel,Ir  Method,void,,travel,Stmt  Traveler,,travel  travel  travel,Ir  Method  Stmt  List  Stmt  Value,Stmt  List,Stmt  List  Iterator  current  next  list  first  last  index  size,rm  Unused  Stmt  List  Iterator  has  Next  next  remove  add  add  All  clone  compare  contains  get  First  get  Last  get  Size  index  It  insert  After  insert  Before  insert  First  insert  Last  iterator  remove  replace  to  String  move  clear,Set  Label  Stmt  Clean  Label  Stmt  List  Stmt  Stmt  Collection  Stmt  Label  And  Local  Mapper  Stmt  Stmt  Stmt  Stmt  Stmt  Stmt  Stmt  Stmt  Stmt  Stmt  Stmt  Stmt  Stmt  Stmt  Stmt  Stmt,0,0
43,travel,Ir  Method,void,,travel,Stmt  List,Stmt  List  Iterator  current  next  list  first  last  index  size,rm  Unused  Stmt  List  Iterator  has  Next  next  remove  add  add  All  clone  compare  contains  get  First  get  Last  get  Size  index  It  insert  After  insert  Before  insert  First  insert  Last  iterator  remove  replace  to  String  move  clear,Set  Label  Stmt  Clean  Label  Stmt  List  Stmt  Stmt  Collection  Stmt  Label  And  Local  Mapper  Stmt  Stmt  Stmt  Stmt  Stmt  Stmt  Stmt  Stmt  Stmt  Stmt  Stmt  Stmt  Stmt  Stmt  Stmt  Stmt,Stmt  Traveler,,travel  travel  travel,Ir  Method  Stmt  List  Stmt  Value,1,0
44,iterate  Parent,Const  Pool,Const  Pool  P  E,,add  add  All  iterator,Const  Pool,encoded  Array  Items  annotation  Set  Ref  List  Items  code  Items  class  Data  Items  debug  Info  Items  annotation  Items  annotations  Directory  Items  annotation  Set  Items  fields  methods  protos  string  Datas  strings  type  Lists  types  class  Defs  pe  owner  it  zero  size  type  list,wrap  Encoded  Item  clean  build  Shorty  add  Debug  Info  Item  pe  build  Sorted  Class  Def  Items  put  Annotation  Directory  Item  uniq  Annotation  Item  put  Class  Def  Item  uniq  Field  uniq  Field  uniq  Method  uniq  Method  uniq  Method  uniq  Proto  uniq  Proto  uniq  String  uniq  Type  put  Type  List  put  Type  List  add  Class  Data  Item  put  En  Coded  Array  Item  uniq  Annotation  Set  Item  uniq  Annotation  Set  Ref  List  Item  add  Code  Item,Object  String  String  Debug  Info  Item  Class  Def  Item  Iterator  Type  Id  Item  Annotation  Item  int  String  String  String  Field  String  String  String  Method  String  String  String  String  Method  Id  Item  Method  String  String  String  String  String  List  String  Class  Data  Item  Annotation  Set  Item  Annotation  Set  Ref  List  Item  Code  Item,Class  Def  Item,clazz  access  Flags  superclazz  interfaces  source  File  class  Data  class  Annotations  annotations  static  Values,place  prepare  prepare  Encoded  Array  Item  preparte  Annotations  Directory  Item  collect  Method  collect  Field  write,int  Const  Pool  Const  Pool  Const  Pool  Annotation  Set  Item  Annotation  Set  Ref  List  Item  List  Encoded  Method  Const  Pool  Annotation  Set  Item  List  Encoded  Field  Const  Pool  Data  Out  Const  Pool,0,0
45,iterate  Parent,Const  Pool,Const  Pool  P  E,,add  add  All  iterator,Class  Def  Item,clazz  access  Flags  superclazz  interfaces  source  File  class  Data  class  Annotations  annotations  static  Values,place  prepare  prepare  Encoded  Array  Item  preparte  Annotations  Directory  Item  collect  Method  collect  Field  write,int  Const  Pool  Const  Pool  Const  Pool  Annotation  Set  Item  Annotation  Set  Ref  List  Item  List  Encoded  Method  Const  Pool  Annotation  Set  Item  List  Encoded  Field  Const  Pool  Data  Out  Const  Pool,Const  Pool,encoded  Array  Items  annotation  Set  Ref  List  Items  code  Items  class  Data  Items  debug  Info  Items  annotation  Items  annotations  Directory  Items  annotation  Set  Items  fields  methods  protos  string  Datas  strings  type  Lists  types  class  Defs  pe  owner  it  zero  size  type  list,wrap  Encoded  Item  clean  build  Shorty  add  Debug  Info  Item  pe  build  Sorted  Class  Def  Items  put  Annotation  Directory  Item  uniq  Annotation  Item  put  Class  Def  Item  uniq  Field  uniq  Field  uniq  Method  uniq  Method  uniq  Method  uniq  Proto  uniq  Proto  uniq  String  uniq  Type  put  Type  List  put  Type  List  add  Class  Data  Item  put  En  Coded  Array  Item  uniq  Annotation  Set  Item  uniq  Annotation  Set  Ref  List  Item  add  Code  Item,Object  String  String  Debug  Info  Item  Class  Def  Item  Iterator  Type  Id  Item  Annotation  Item  int  String  String  String  Field  String  String  String  Method  String  String  String  String  Method  Id  Item  Method  String  String  String  String  String  List  String  Class  Data  Item  Annotation  Set  Item  Annotation  Set  Ref  List  Item  Code  Item,1,1
46,uniq  Annotation  Item,Annotation  Item,Annotation  Item,,get  put,Const  Pool,encoded  Array  Items  annotation  Set  Ref  List  Items  code  Items  class  Data  Items  debug  Info  Items  annotation  Items  annotations  Directory  Items  annotation  Set  Items  fields  methods  protos  string  Datas  strings  type  Lists  types  class  Defs  pe  owner  it  zero  size  type  list,wrap  Encoded  Item  clean  build  Shorty  add  Debug  Info  Item  pe  build  Sorted  Class  Def  Items  put  Annotation  Directory  Item  put  Class  Def  Item  uniq  Field  uniq  Field  uniq  Method  uniq  Method  uniq  Method  uniq  Proto  uniq  Proto  uniq  String  uniq  Type  put  Type  List  put  Type  List  add  Class  Data  Item  put  En  Coded  Array  Item  uniq  Annotation  Set  Item  uniq  Annotation  Set  Ref  List  Item  add  Code  Item,Object  String  String  Debug  Info  Item  Class  Def  Item  Iterator  Type  Id  Item  Annotation  Item  int  String  String  String  Field  String  String  String  Method  String  String  String  String  Method  Id  Item  Method  String  String  String  String  String  List  String  Class  Data  Item  Annotation  Set  Item  Annotation  Set  Ref  List  Item  Code  Item,Annotation  Item,visibility  annotation,equals  hash  Code  Annotation  Item  place  write,Object  Type  Id  Item  Visibility  int  Data  Out,0,0
47,uniq  Annotation  Item,Annotation  Item,Annotation  Item,,get  put,Annotation  Item,visibility  annotation,equals  hash  Code  Annotation  Item  place  write,Object  Type  Id  Item  Visibility  int  Data  Out,Const  Pool,encoded  Array  Items  annotation  Set  Ref  List  Items  code  Items  class  Data  Items  debug  Info  Items  annotation  Items  annotations  Directory  Items  annotation  Set  Items  fields  methods  protos  string  Datas  strings  type  Lists  types  class  Defs  pe  owner  it  zero  size  type  list,wrap  Encoded  Item  clean  build  Shorty  add  Debug  Info  Item  pe  build  Sorted  Class  Def  Items  put  Annotation  Directory  Item  put  Class  Def  Item  uniq  Field  uniq  Field  uniq  Method  uniq  Method  uniq  Method  uniq  Proto  uniq  Proto  uniq  String  uniq  Type  put  Type  List  put  Type  List  add  Class  Data  Item  put  En  Coded  Array  Item  uniq  Annotation  Set  Item  uniq  Annotation  Set  Ref  List  Item  add  Code  Item,Object  String  String  Debug  Info  Item  Class  Def  Item  Iterator  Type  Id  Item  Annotation  Item  int  String  String  String  Field  String  String  String  Method  String  String  String  String  Method  Id  Item  Method  String  String  String  String  String  List  String  Class  Data  Item  Annotation  Set  Item  Annotation  Set  Ref  List  Item  Code  Item,1,0
48,uniq  Method,Method,Method  Id  Item,,uniq  Type  get  Owner  uniq  String  get  Name  uniq  Proto  uniq  Method,Const  Pool,encoded  Array  Items  annotation  Set  Ref  List  Items  code  Items  class  Data  Items  debug  Info  Items  annotation  Items  annotations  Directory  Items  annotation  Set  Items  fields  methods  protos  string  Datas  strings  type  Lists  types  class  Defs  pe  owner  it  zero  size  type  list,wrap  Encoded  Item  clean  build  Shorty  add  Debug  Info  Item  pe  build  Sorted  Class  Def  Items  put  Annotation  Directory  Item  uniq  Annotation  Item  put  Class  Def  Item  uniq  Field  uniq  Field  uniq  Method  uniq  Method  uniq  Proto  uniq  Proto  uniq  String  uniq  Type  put  Type  List  put  Type  List  add  Class  Data  Item  put  En  Coded  Array  Item  uniq  Annotation  Set  Item  uniq  Annotation  Set  Ref  List  Item  add  Code  Item,Object  String  String  Debug  Info  Item  Class  Def  Item  Iterator  Type  Id  Item  Annotation  Item  int  String  String  String  Field  String  String  String  Method  String  String  String  String  Method  Id  Item  Method  String  String  String  String  String  List  String  Class  Data  Item  Annotation  Set  Item  Annotation  Set  Ref  List  Item  Code  Item,Method  Id  Item,name  clazz  proto,Method  Id  Item  hash  Code  equals  place  compare  To  write,Type  Id  Item  String  Id  Item  Proto  Id  Item  Object  int  Method  Id  Item  Data  Out,0,0
49,uniq  Method,Method,Method  Id  Item,,uniq  Type  get  Owner  uniq  String  get  Name  uniq  Proto  uniq  Method,Method  Id  Item,name  clazz  proto,Method  Id  Item  hash  Code  equals  place  compare  To  write,Type  Id  Item  String  Id  Item  Proto  Id  Item  Object  int  Method  Id  Item  Data  Out,Const  Pool,encoded  Array  Items  annotation  Set  Ref  List  Items  code  Items  class  Data  Items  debug  Info  Items  annotation  Items  annotations  Directory  Items  annotation  Set  Items  fields  methods  protos  string  Datas  strings  type  Lists  types  class  Defs  pe  owner  it  zero  size  type  list,wrap  Encoded  Item  clean  build  Shorty  add  Debug  Info  Item  pe  build  Sorted  Class  Def  Items  put  Annotation  Directory  Item  uniq  Annotation  Item  put  Class  Def  Item  uniq  Field  uniq  Field  uniq  Method  uniq  Method  uniq  Proto  uniq  Proto  uniq  String  uniq  Type  put  Type  List  put  Type  List  add  Class  Data  Item  put  En  Coded  Array  Item  uniq  Annotation  Set  Item  uniq  Annotation  Set  Ref  List  Item  add  Code  Item,Object  String  String  Debug  Info  Item  Class  Def  Item  Iterator  Type  Id  Item  Annotation  Item  int  String  String  String  Field  String  String  String  Method  String  String  String  String  Method  Id  Item  Method  String  String  String  String  String  List  String  Class  Data  Item  Annotation  Set  Item  Annotation  Set  Ref  List  Item  Code  Item,1,0
50,add  Class  Data  Item,Class  Data  Item,Class  Data  Item,,add,Const  Pool,encoded  Array  Items  annotation  Set  Ref  List  Items  code  Items  class  Data  Items  debug  Info  Items  annotation  Items  annotations  Directory  Items  annotation  Set  Items  fields  methods  protos  string  Datas  strings  type  Lists  types  class  Defs  pe  owner  it  zero  size  type  list,wrap  Encoded  Item  clean  build  Shorty  add  Debug  Info  Item  pe  build  Sorted  Class  Def  Items  put  Annotation  Directory  Item  uniq  Annotation  Item  put  Class  Def  Item  uniq  Field  uniq  Field  uniq  Method  uniq  Method  uniq  Method  uniq  Proto  uniq  Proto  uniq  String  uniq  Type  put  Type  List  put  Type  List  put  En  Coded  Array  Item  uniq  Annotation  Set  Item  uniq  Annotation  Set  Ref  List  Item  add  Code  Item,Object  String  String  Debug  Info  Item  Class  Def  Item  Iterator  Type  Id  Item  Annotation  Item  int  String  String  String  Field  String  String  String  Method  String  String  String  String  Method  Id  Item  Method  String  String  String  String  String  List  String  Class  Data  Item  Annotation  Set  Item  Annotation  Set  Ref  List  Item  Code  Item,Class  Data  Item,static  Fields  instance  Fields  direct  Methods  virtual  Methods  Encoded  Field  access  Flags  field  static  Value  annotation  Set  Item  Encoded  Method  access  Flags  method  code  annotation  Set  Item  parameter  Annotation,place  place  Method  place  Field  write  write  Method  write  Field  get  Member  Size  prepare  compare  compare,int  int  List  Encoded  Method  int  List  Encoded  Field  Data  Out  Data  Out  List  Encoded  Method  Data  Out  List  Encoded  Field  Const  Pool  Encoded  Field  Encoded  Field  Encoded  Method  Encoded  Method,0,0
51,add  Class  Data  Item,Class  Data  Item,Class  Data  Item,,add,Class  Data  Item,static  Fields  instance  Fields  direct  Methods  virtual  Methods  Encoded  Field  access  Flags  field  static  Value  annotation  Set  Item  Encoded  Method  access  Flags  method  code  annotation  Set  Item  parameter  Annotation,place  place  Method  place  Field  write  write  Method  write  Field  get  Member  Size  prepare  compare  compare,int  int  List  Encoded  Method  int  List  Encoded  Field  Data  Out  Data  Out  List  Encoded  Method  Data  Out  List  Encoded  Field  Const  Pool  Encoded  Field  Encoded  Field  Encoded  Method  Encoded  Method,Const  Pool,encoded  Array  Items  annotation  Set  Ref  List  Items  code  Items  class  Data  Items  debug  Info  Items  annotation  Items  annotations  Directory  Items  annotation  Set  Items  fields  methods  protos  string  Datas  strings  type  Lists  types  class  Defs  pe  owner  it  zero  size  type  list,wrap  Encoded  Item  clean  build  Shorty  add  Debug  Info  Item  pe  build  Sorted  Class  Def  Items  put  Annotation  Directory  Item  uniq  Annotation  Item  put  Class  Def  Item  uniq  Field  uniq  Field  uniq  Method  uniq  Method  uniq  Method  uniq  Proto  uniq  Proto  uniq  String  uniq  Type  put  Type  List  put  Type  List  put  En  Coded  Array  Item  uniq  Annotation  Set  Item  uniq  Annotation  Set  Ref  List  Item  add  Code  Item,Object  String  String  Debug  Info  Item  Class  Def  Item  Iterator  Type  Id  Item  Annotation  Item  int  String  String  String  Field  String  String  String  Method  String  String  String  String  Method  Id  Item  Method  String  String  String  String  String  List  String  Class  Data  Item  Annotation  Set  Item  Annotation  Set  Ref  List  Item  Code  Item,1,0
52,uniq  Annotation  Set  Item,Annotation  Set  Item,Annotation  Set  Item,,clear  add  uniq  Annotation  Item  get  put,Const  Pool,encoded  Array  Items  annotation  Set  Ref  List  Items  code  Items  class  Data  Items  debug  Info  Items  annotation  Items  annotations  Directory  Items  annotation  Set  Items  fields  methods  protos  string  Datas  strings  type  Lists  types  class  Defs  pe  owner  it  zero  size  type  list,wrap  Encoded  Item  clean  build  Shorty  add  Debug  Info  Item  pe  build  Sorted  Class  Def  Items  put  Annotation  Directory  Item  uniq  Annotation  Item  put  Class  Def  Item  uniq  Field  uniq  Field  uniq  Method  uniq  Method  uniq  Method  uniq  Proto  uniq  Proto  uniq  String  uniq  Type  put  Type  List  put  Type  List  add  Class  Data  Item  put  En  Coded  Array  Item  uniq  Annotation  Set  Ref  List  Item  add  Code  Item,Object  String  String  Debug  Info  Item  Class  Def  Item  Iterator  Type  Id  Item  Annotation  Item  int  String  String  String  Field  String  String  String  Method  String  String  String  String  Method  Id  Item  Method  String  String  String  String  String  List  String  Class  Data  Item  Annotation  Set  Item  Annotation  Set  Ref  List  Item  Code  Item,Annotation  Set  Item,annotations  cmp,compare  equals  hash  Code  place  write,Annotation  Item  Annotation  Item  Object  int  Data  Out,0,0
53,uniq  Annotation  Set  Item,Annotation  Set  Item,Annotation  Set  Item,,clear  add  uniq  Annotation  Item  get  put,Annotation  Set  Item,annotations  cmp,compare  equals  hash  Code  place  write,Annotation  Item  Annotation  Item  Object  int  Data  Out,Const  Pool,encoded  Array  Items  annotation  Set  Ref  List  Items  code  Items  class  Data  Items  debug  Info  Items  annotation  Items  annotations  Directory  Items  annotation  Set  Items  fields  methods  protos  string  Datas  strings  type  Lists  types  class  Defs  pe  owner  it  zero  size  type  list,wrap  Encoded  Item  clean  build  Shorty  add  Debug  Info  Item  pe  build  Sorted  Class  Def  Items  put  Annotation  Directory  Item  uniq  Annotation  Item  put  Class  Def  Item  uniq  Field  uniq  Field  uniq  Method  uniq  Method  uniq  Method  uniq  Proto  uniq  Proto  uniq  String  uniq  Type  put  Type  List  put  Type  List  add  Class  Data  Item  put  En  Coded  Array  Item  uniq  Annotation  Set  Ref  List  Item  add  Code  Item,Object  String  String  Debug  Info  Item  Class  Def  Item  Iterator  Type  Id  Item  Annotation  Item  int  String  String  String  Field  String  String  String  Method  String  String  String  String  Method  Id  Item  Method  String  String  String  String  String  List  String  Class  Data  Item  Annotation  Set  Item  Annotation  Set  Ref  List  Item  Code  Item,1,0
54,uniq  Annotation  Set  Ref  List  Item,Annotation  Set  Ref  List  Item,Annotation  Set  Ref  List  Item,,uniq  Annotation  Set  Item  get  put,Const  Pool,encoded  Array  Items  annotation  Set  Ref  List  Items  code  Items  class  Data  Items  debug  Info  Items  annotation  Items  annotations  Directory  Items  annotation  Set  Items  fields  methods  protos  string  Datas  strings  type  Lists  types  class  Defs  pe  owner  it  zero  size  type  list,wrap  Encoded  Item  clean  build  Shorty  add  Debug  Info  Item  pe  build  Sorted  Class  Def  Items  put  Annotation  Directory  Item  uniq  Annotation  Item  put  Class  Def  Item  uniq  Field  uniq  Field  uniq  Method  uniq  Method  uniq  Method  uniq  Proto  uniq  Proto  uniq  String  uniq  Type  put  Type  List  put  Type  List  add  Class  Data  Item  put  En  Coded  Array  Item  uniq  Annotation  Set  Item  add  Code  Item,Object  String  String  Debug  Info  Item  Class  Def  Item  Iterator  Type  Id  Item  Annotation  Item  int  String  String  String  Field  String  String  String  Method  String  String  String  String  Method  Id  Item  Method  String  String  String  String  String  List  String  Class  Data  Item  Annotation  Set  Item  Annotation  Set  Ref  List  Item  Code  Item,Annotation  Set  Ref  List  Item,annotation  Sets,Annotation  Set  Ref  List  Item  place  write,int  int  Data  Out,0,0
55,uniq  Annotation  Set  Ref  List  Item,Annotation  Set  Ref  List  Item,Annotation  Set  Ref  List  Item,,uniq  Annotation  Set  Item  get  put,Annotation  Set  Ref  List  Item,annotation  Sets,Annotation  Set  Ref  List  Item  place  write,int  int  Data  Out,Const  Pool,encoded  Array  Items  annotation  Set  Ref  List  Items  code  Items  class  Data  Items  debug  Info  Items  annotation  Items  annotations  Directory  Items  annotation  Set  Items  fields  methods  protos  string  Datas  strings  type  Lists  types  class  Defs  pe  owner  it  zero  size  type  list,wrap  Encoded  Item  clean  build  Shorty  add  Debug  Info  Item  pe  build  Sorted  Class  Def  Items  put  Annotation  Directory  Item  uniq  Annotation  Item  put  Class  Def  Item  uniq  Field  uniq  Field  uniq  Method  uniq  Method  uniq  Method  uniq  Proto  uniq  Proto  uniq  String  uniq  Type  put  Type  List  put  Type  List  add  Class  Data  Item  put  En  Coded  Array  Item  uniq  Annotation  Set  Item  add  Code  Item,Object  String  String  Debug  Info  Item  Class  Def  Item  Iterator  Type  Id  Item  Annotation  Item  int  String  String  String  Field  String  String  String  Method  String  String  String  String  Method  Id  Item  Method  String  String  String  String  String  List  String  Class  Data  Item  Annotation  Set  Item  Annotation  Set  Ref  List  Item  Code  Item,1,0
56,collect  Method,Map  Method  Id  Item  Annotation  Set  Item  Map  Method  Id  Item  Annotation  Set  Ref  List  Item  List  Encoded  Method  Const  Pool,void,,put  uniq  Annotation  Set  Item  put  uniq  Annotation  Set  Ref  List  Item,Class  Def  Item,clazz  access  Flags  superclazz  interfaces  source  File  class  Data  class  Annotations  annotations  static  Values,place  prepare  prepare  Encoded  Array  Item  preparte  Annotations  Directory  Item  collect  Field  write  iterate  Parent,int  Const  Pool  Const  Pool  Const  Pool  Annotation  Set  Item  Annotation  Set  Ref  List  Item  List  Encoded  Method  Const  Pool  Annotation  Set  Item  List  Encoded  Field  Const  Pool  Data  Out  Const  Pool,Const  Pool,encoded  Array  Items  annotation  Set  Ref  List  Items  code  Items  class  Data  Items  debug  Info  Items  annotation  Items  annotations  Directory  Items  annotation  Set  Items  fields  methods  protos  string  Datas  strings  type  Lists  types  class  Defs  pe  owner  it  zero  size  type  list,wrap  Encoded  Item  clean  build  Shorty  add  Debug  Info  Item  pe  build  Sorted  Class  Def  Items  put  Annotation  Directory  Item  uniq  Annotation  Item  put  Class  Def  Item  uniq  Field  uniq  Field  uniq  Method  uniq  Method  uniq  Method  uniq  Proto  uniq  Proto  uniq  String  uniq  Type  put  Type  List  put  Type  List  add  Class  Data  Item  put  En  Coded  Array  Item  uniq  Annotation  Set  Item  uniq  Annotation  Set  Ref  List  Item  add  Code  Item,Object  String  String  Debug  Info  Item  Class  Def  Item  Iterator  Type  Id  Item  Annotation  Item  int  String  String  String  Field  String  String  String  Method  String  String  String  String  Method  Id  Item  Method  String  String  String  String  String  List  String  Class  Data  Item  Annotation  Set  Item  Annotation  Set  Ref  List  Item  Code  Item,0,0
57,collect  Method,Map  Method  Id  Item  Annotation  Set  Item  Map  Method  Id  Item  Annotation  Set  Ref  List  Item  List  Encoded  Method  Const  Pool,void,,put  uniq  Annotation  Set  Item  put  uniq  Annotation  Set  Ref  List  Item,Const  Pool,encoded  Array  Items  annotation  Set  Ref  List  Items  code  Items  class  Data  Items  debug  Info  Items  annotation  Items  annotations  Directory  Items  annotation  Set  Items  fields  methods  protos  string  Datas  strings  type  Lists  types  class  Defs  pe  owner  it  zero  size  type  list,wrap  Encoded  Item  clean  build  Shorty  add  Debug  Info  Item  pe  build  Sorted  Class  Def  Items  put  Annotation  Directory  Item  uniq  Annotation  Item  put  Class  Def  Item  uniq  Field  uniq  Field  uniq  Method  uniq  Method  uniq  Method  uniq  Proto  uniq  Proto  uniq  String  uniq  Type  put  Type  List  put  Type  List  add  Class  Data  Item  put  En  Coded  Array  Item  uniq  Annotation  Set  Item  uniq  Annotation  Set  Ref  List  Item  add  Code  Item,Object  String  String  Debug  Info  Item  Class  Def  Item  Iterator  Type  Id  Item  Annotation  Item  int  String  String  String  Field  String  String  String  Method  String  String  String  String  Method  Id  Item  Method  String  String  String  String  String  List  String  Class  Data  Item  Annotation  Set  Item  Annotation  Set  Ref  List  Item  Code  Item,Class  Def  Item,clazz  access  Flags  superclazz  interfaces  source  File  class  Data  class  Annotations  annotations  static  Values,place  prepare  prepare  Encoded  Array  Item  preparte  Annotations  Directory  Item  collect  Field  write  iterate  Parent,int  Const  Pool  Const  Pool  Const  Pool  Annotation  Set  Item  Annotation  Set  Ref  List  Item  List  Encoded  Method  Const  Pool  Annotation  Set  Item  List  Encoded  Field  Const  Pool  Data  Out  Const  Pool,1,0
58,collect  Field,Map  Field  Id  Item  Annotation  Set  Item  List  Encoded  Field  Const  Pool,void,,put  uniq  Annotation  Set  Item,Class  Def  Item,clazz  access  Flags  superclazz  interfaces  source  File  class  Data  class  Annotations  annotations  static  Values,place  prepare  prepare  Encoded  Array  Item  preparte  Annotations  Directory  Item  collect  Method  write  iterate  Parent,int  Const  Pool  Const  Pool  Const  Pool  Annotation  Set  Item  Annotation  Set  Ref  List  Item  List  Encoded  Method  Const  Pool  Annotation  Set  Item  List  Encoded  Field  Const  Pool  Data  Out  Const  Pool,Const  Pool,encoded  Array  Items  annotation  Set  Ref  List  Items  code  Items  class  Data  Items  debug  Info  Items  annotation  Items  annotations  Directory  Items  annotation  Set  Items  fields  methods  protos  string  Datas  strings  type  Lists  types  class  Defs  pe  owner  it  zero  size  type  list,wrap  Encoded  Item  clean  build  Shorty  add  Debug  Info  Item  pe  build  Sorted  Class  Def  Items  put  Annotation  Directory  Item  uniq  Annotation  Item  put  Class  Def  Item  uniq  Field  uniq  Field  uniq  Method  uniq  Method  uniq  Method  uniq  Proto  uniq  Proto  uniq  String  uniq  Type  put  Type  List  put  Type  List  add  Class  Data  Item  put  En  Coded  Array  Item  uniq  Annotation  Set  Item  uniq  Annotation  Set  Ref  List  Item  add  Code  Item,Object  String  String  Debug  Info  Item  Class  Def  Item  Iterator  Type  Id  Item  Annotation  Item  int  String  String  String  Field  String  String  String  Method  String  String  String  String  Method  Id  Item  Method  String  String  String  String  String  List  String  Class  Data  Item  Annotation  Set  Item  Annotation  Set  Ref  List  Item  Code  Item,0,0
59,collect  Field,Map  Field  Id  Item  Annotation  Set  Item  List  Encoded  Field  Const  Pool,void,,put  uniq  Annotation  Set  Item,Const  Pool,encoded  Array  Items  annotation  Set  Ref  List  Items  code  Items  class  Data  Items  debug  Info  Items  annotation  Items  annotations  Directory  Items  annotation  Set  Items  fields  methods  protos  string  Datas  strings  type  Lists  types  class  Defs  pe  owner  it  zero  size  type  list,wrap  Encoded  Item  clean  build  Shorty  add  Debug  Info  Item  pe  build  Sorted  Class  Def  Items  put  Annotation  Directory  Item  uniq  Annotation  Item  put  Class  Def  Item  uniq  Field  uniq  Field  uniq  Method  uniq  Method  uniq  Method  uniq  Proto  uniq  Proto  uniq  String  uniq  Type  put  Type  List  put  Type  List  add  Class  Data  Item  put  En  Coded  Array  Item  uniq  Annotation  Set  Item  uniq  Annotation  Set  Ref  List  Item  add  Code  Item,Object  String  String  Debug  Info  Item  Class  Def  Item  Iterator  Type  Id  Item  Annotation  Item  int  String  String  String  Field  String  String  String  Method  String  String  String  String  Method  Id  Item  Method  String  String  String  String  String  List  String  Class  Data  Item  Annotation  Set  Item  Annotation  Set  Ref  List  Item  Code  Item,Class  Def  Item,clazz  access  Flags  superclazz  interfaces  source  File  class  Data  class  Annotations  annotations  static  Values,place  prepare  prepare  Encoded  Array  Item  preparte  Annotations  Directory  Item  collect  Method  write  iterate  Parent,int  Const  Pool  Const  Pool  Const  Pool  Annotation  Set  Item  Annotation  Set  Ref  List  Item  List  Encoded  Method  Const  Pool  Annotation  Set  Item  List  Encoded  Field  Const  Pool  Data  Out  Const  Pool,1,0
60,prepare,Const  Pool,void,,,Class  Data  Item,static  Fields  instance  Fields  direct  Methods  virtual  Methods  Encoded  Field  access  Flags  field  static  Value  annotation  Set  Item  Encoded  Method  access  Flags  method  code  annotation  Set  Item  parameter  Annotation,place  place  Method  place  Field  write  write  Method  write  Field  get  Member  Size  compare  compare,int  int  List  Encoded  Method  int  List  Encoded  Field  Data  Out  Data  Out  List  Encoded  Method  Data  Out  List  Encoded  Field  Const  Pool  Encoded  Field  Encoded  Field  Encoded  Method  Encoded  Method,Const  Pool,encoded  Array  Items  annotation  Set  Ref  List  Items  code  Items  class  Data  Items  debug  Info  Items  annotation  Items  annotations  Directory  Items  annotation  Set  Items  fields  methods  protos  string  Datas  strings  type  Lists  types  class  Defs  pe  owner  it  zero  size  type  list,wrap  Encoded  Item  clean  build  Shorty  add  Debug  Info  Item  pe  build  Sorted  Class  Def  Items  put  Annotation  Directory  Item  uniq  Annotation  Item  put  Class  Def  Item  uniq  Field  uniq  Field  uniq  Method  uniq  Method  uniq  Method  uniq  Proto  uniq  Proto  uniq  String  uniq  Type  put  Type  List  put  Type  List  add  Class  Data  Item  put  En  Coded  Array  Item  uniq  Annotation  Set  Item  uniq  Annotation  Set  Ref  List  Item  add  Code  Item,Object  String  String  Debug  Info  Item  Class  Def  Item  Iterator  Type  Id  Item  Annotation  Item  int  String  String  String  Field  String  String  String  Method  String  String  String  String  Method  Id  Item  Method  String  String  String  String  String  List  String  Class  Data  Item  Annotation  Set  Item  Annotation  Set  Ref  List  Item  Code  Item,0,0
61,prepare,Const  Pool,void,,,Const  Pool,encoded  Array  Items  annotation  Set  Ref  List  Items  code  Items  class  Data  Items  debug  Info  Items  annotation  Items  annotations  Directory  Items  annotation  Set  Items  fields  methods  protos  string  Datas  strings  type  Lists  types  class  Defs  pe  owner  it  zero  size  type  list,wrap  Encoded  Item  clean  build  Shorty  add  Debug  Info  Item  pe  build  Sorted  Class  Def  Items  put  Annotation  Directory  Item  uniq  Annotation  Item  put  Class  Def  Item  uniq  Field  uniq  Field  uniq  Method  uniq  Method  uniq  Method  uniq  Proto  uniq  Proto  uniq  String  uniq  Type  put  Type  List  put  Type  List  add  Class  Data  Item  put  En  Coded  Array  Item  uniq  Annotation  Set  Item  uniq  Annotation  Set  Ref  List  Item  add  Code  Item,Object  String  String  Debug  Info  Item  Class  Def  Item  Iterator  Type  Id  Item  Annotation  Item  int  String  String  String  Field  String  String  String  Method  String  String  String  String  Method  Id  Item  Method  String  String  String  String  String  List  String  Class  Data  Item  Annotation  Set  Item  Annotation  Set  Ref  List  Item  Code  Item,Class  Data  Item,static  Fields  instance  Fields  direct  Methods  virtual  Methods  Encoded  Field  access  Flags  field  static  Value  annotation  Set  Item  Encoded  Method  access  Flags  method  code  annotation  Set  Item  parameter  Annotation,place  place  Method  place  Field  write  write  Method  write  Field  get  Member  Size  compare  compare,int  int  List  Encoded  Method  int  List  Encoded  Field  Data  Out  Data  Out  List  Encoded  Method  Data  Out  List  Encoded  Field  Const  Pool  Encoded  Field  Encoded  Field  Encoded  Method  Encoded  Method,1,0
62,accept,Dex  Code  Node,void,,accept  visit  Debug  accept  visit  End  visit  Register  accept,Dex  Code  Node,stmts  try  Stmts  debug  Node  total  Register,Dex  Code  Node  Dex  Code  Node  add  visit  Const  Stmt  visit  Fill  Array  Data  Stmt  visit  Field  Stmt  visit  Filled  New  Array  Stmt  visit  Jump  Stmt  visit  Label  visit  Method  Stmt  visit  Method  Stmt  visit  Method  Stmt  visit  Packed  Switch  Stmt  visit  Register  visit  Sparse  Switch  Stmt  visit  Stmt  R  visit  Stmt  R  visit  Stmt  R  visit  Stmt  R  N  visit  Stmt  R  visit  Try  Catch  visit  Type  Stmt  visit  Debug,Dex  Code  Visitor  Dex  Method  Visitor  Dex  Stmt  Node  Op  int  Object  Op  int  Object  Op  int  int  Field  Op  int  String  Op  int  int  Dex  Label  Dex  Label  Op  int  Method  Op  int  String  Proto  Method  Handle  Object  Op  int  Method  Proto  Op  int  int  Dex  Label  int  Op  int  int  Dex  Label  Op  Op  int  Op  int  int  Op  int  int  int  Op  int  int  int  Dex  Label  Dex  Label  Dex  Label  String  Op  int  int  String,Dex  Code  Visitor,visitor,Dex  Code  Visitor  Dex  Code  Visitor  visit  Register  visit  Stmt  R  N  visit  Stmt  R  visit  Type  Stmt  visit  Const  Stmt  visit  Fill  Array  Data  Stmt  visit  End  visit  Field  Stmt  visit  Filled  New  Array  Stmt  visit  Jump  Stmt  visit  Label  visit  Sparse  Switch  Stmt  visit  Method  Stmt  visit  Method  Stmt  visit  Method  Stmt  visit  Stmt  R  visit  Stmt  R  visit  Stmt  R  visit  Packed  Switch  Stmt  visit  Try  Catch  visit  Debug,Dex  Code  Visitor  int  Op  int  int  int  Op  int  int  int  Op  int  int  String  Op  int  Object  Op  int  Object  Op  int  int  Field  Op  int  String  Op  int  int  Dex  Label  Dex  Label  Op  int  int  Dex  Label  Op  int  Method  Op  int  String  Proto  Method  Handle  Object  Op  int  Method  Proto  Op  int  int  Op  Op  int  Op  int  int  Dex  Label  Dex  Label  Dex  Label  Dex  Label  String  Dex  Code  Node,0,0
63,accept,Dex  Code  Node,void,,accept  visit  Debug  accept  visit  End  visit  Register  accept,Dex  Code  Visitor,visitor,Dex  Code  Visitor  Dex  Code  Visitor  visit  Register  visit  Stmt  R  N  visit  Stmt  R  visit  Type  Stmt  visit  Const  Stmt  visit  Fill  Array  Data  Stmt  visit  End  visit  Field  Stmt  visit  Filled  New  Array  Stmt  visit  Jump  Stmt  visit  Label  visit  Sparse  Switch  Stmt  visit  Method  Stmt  visit  Method  Stmt  visit  Method  Stmt  visit  Stmt  R  visit  Stmt  R  visit  Stmt  R  visit  Packed  Switch  Stmt  visit  Try  Catch  visit  Debug,Dex  Code  Visitor  int  Op  int  int  int  Op  int  int  int  Op  int  int  String  Op  int  Object  Op  int  Object  Op  int  int  Field  Op  int  String  Op  int  int  Dex  Label  Dex  Label  Op  int  int  Dex  Label  Op  int  Method  Op  int  String  Proto  Method  Handle  Object  Op  int  Method  Proto  Op  int  int  Op  Op  int  Op  int  int  Dex  Label  Dex  Label  Dex  Label  Dex  Label  String  Dex  Code  Node,Dex  Code  Node,stmts  try  Stmts  debug  Node  total  Register,Dex  Code  Node  Dex  Code  Node  add  visit  Const  Stmt  visit  Fill  Array  Data  Stmt  visit  Field  Stmt  visit  Filled  New  Array  Stmt  visit  Jump  Stmt  visit  Label  visit  Method  Stmt  visit  Method  Stmt  visit  Method  Stmt  visit  Packed  Switch  Stmt  visit  Register  visit  Sparse  Switch  Stmt  visit  Stmt  R  visit  Stmt  R  visit  Stmt  R  visit  Stmt  R  N  visit  Stmt  R  visit  Try  Catch  visit  Type  Stmt  visit  Debug,Dex  Code  Visitor  Dex  Method  Visitor  Dex  Stmt  Node  Op  int  Object  Op  int  Object  Op  int  int  Field  Op  int  String  Op  int  int  Dex  Label  Dex  Label  Op  int  Method  Op  int  String  Proto  Method  Handle  Object  Op  int  Method  Proto  Op  int  int  Dex  Label  int  Op  int  int  Dex  Label  Op  Op  int  Op  int  int  Op  int  int  int  Op  int  int  int  Dex  Label  Dex  Label  Dex  Label  String  Op  int  int  String,1,1
64,accept,Dex  Code  Node,void,,accept  visit  Debug  accept  visit  End  visit  Register  accept,Dex  Code  Node,stmts  try  Stmts  debug  Node  total  Register,Dex  Code  Node  Dex  Code  Node  add  visit  Const  Stmt  visit  Fill  Array  Data  Stmt  visit  Field  Stmt  visit  Filled  New  Array  Stmt  visit  Jump  Stmt  visit  Label  visit  Method  Stmt  visit  Method  Stmt  visit  Method  Stmt  visit  Packed  Switch  Stmt  visit  Register  visit  Sparse  Switch  Stmt  visit  Stmt  R  visit  Stmt  R  visit  Stmt  R  visit  Stmt  R  N  visit  Stmt  R  visit  Try  Catch  visit  Type  Stmt  visit  Debug,Dex  Code  Visitor  Dex  Method  Visitor  Dex  Stmt  Node  Op  int  Object  Op  int  Object  Op  int  int  Field  Op  int  String  Op  int  int  Dex  Label  Dex  Label  Op  int  Method  Op  int  String  Proto  Method  Handle  Object  Op  int  Method  Proto  Op  int  int  Dex  Label  int  Op  int  int  Dex  Label  Op  Op  int  Op  int  int  Op  int  int  int  Op  int  int  int  Dex  Label  Dex  Label  Dex  Label  String  Op  int  int  String,Dex  Method  Visitor,visitor,Dex  Method  Visitor  Dex  Method  Visitor  visit  Annotation  visit  Code  visit  End  visit  Parameter  Annotation,Dex  Method  Visitor  String  Visibility  int  Dex  Method  Node,0,0
65,accept,Dex  Code  Node,void,,accept  visit  Debug  accept  visit  End  visit  Register  accept,Dex  Method  Visitor,visitor,Dex  Method  Visitor  Dex  Method  Visitor  visit  Annotation  visit  Code  visit  End  visit  Parameter  Annotation,Dex  Method  Visitor  String  Visibility  int  Dex  Method  Node,Dex  Code  Node,stmts  try  Stmts  debug  Node  total  Register,Dex  Code  Node  Dex  Code  Node  add  visit  Const  Stmt  visit  Fill  Array  Data  Stmt  visit  Field  Stmt  visit  Filled  New  Array  Stmt  visit  Jump  Stmt  visit  Label  visit  Method  Stmt  visit  Method  Stmt  visit  Method  Stmt  visit  Packed  Switch  Stmt  visit  Register  visit  Sparse  Switch  Stmt  visit  Stmt  R  visit  Stmt  R  visit  Stmt  R  visit  Stmt  R  N  visit  Stmt  R  visit  Try  Catch  visit  Type  Stmt  visit  Debug,Dex  Code  Visitor  Dex  Method  Visitor  Dex  Stmt  Node  Op  int  Object  Op  int  Object  Op  int  int  Field  Op  int  String  Op  int  int  Dex  Label  Dex  Label  Op  int  Method  Op  int  String  Proto  Method  Handle  Object  Op  int  Method  Proto  Op  int  int  Dex  Label  int  Op  int  int  Dex  Label  Op  Op  int  Op  int  int  Op  int  int  int  Op  int  int  int  Dex  Label  Dex  Label  Dex  Label  String  Op  int  int  String,1,0
66,accept,Dex  File  Node,void,,accept,Dex  File  Node,clzs  dex  Version,visit  Dex  File  Version  visit,int  int  String  String  String  Dex  File  Visitor,Dex  Class  Visitor,visitor,Dex  Class  Visitor  Dex  Class  Visitor  visit  Annotation  visit  End  visit  Field  visit  Method  visit  Source,Dex  Class  Visitor  String  Visibility  int  Field  Object  int  Method  String  Dex  File  Node,0,0
67,accept,Dex  File  Node,void,,accept,Dex  Class  Visitor,visitor,Dex  Class  Visitor  Dex  Class  Visitor  visit  Annotation  visit  End  visit  Field  visit  Method  visit  Source,Dex  Class  Visitor  String  Visibility  int  Field  Object  int  Method  String  Dex  File  Node,Dex  File  Node,clzs  dex  Version,visit  Dex  File  Version  visit,int  int  String  String  String  Dex  File  Visitor,1,1
68,accept,Dex  File  Node,void,,accept,Dex  File  Node,clzs  dex  Version,visit  Dex  File  Version  visit,int  int  String  String  String  Dex  File  Visitor,Dex  File  Visitor,visitor,Dex  File  Visitor  Dex  File  Visitor  visit  Dex  File  Version  visit  visit  End,Dex  File  Visitor  int  int  String  String  String  Dex  Class  Node,0,0
69,accept,Dex  File  Node,void,,accept,Dex  File  Visitor,visitor,Dex  File  Visitor  Dex  File  Visitor  visit  Dex  File  Version  visit  visit  End,Dex  File  Visitor  int  int  String  String  String  Dex  Class  Node,Dex  File  Node,clzs  dex  Version,visit  Dex  File  Version  visit,int  int  String  String  String  Dex  File  Visitor,1,0
70,accept,Dex  Class  Node,void,,visit  accept  visit  End,Dex  Class  Node,access  anns  class  Name  fields  interface  Names  methods  source  super  Class,Dex  Class  Node  Dex  Class  Node  visit  Annotation  visit  Field  visit  Method  visit  Source,Dex  Class  Visitor  int  String  String  String  int  String  String  String  Dex  Class  Visitor  String  Visibility  int  Field  Object  int  Method  String,Dex  Class  Visitor,visitor,Dex  Class  Visitor  Dex  Class  Visitor  visit  Annotation  visit  End  visit  Field  visit  Method  visit  Source,Dex  Class  Visitor  String  Visibility  int  Field  Object  int  Method  String  Dex  File  Node,0,0
71,accept,Dex  Class  Node,void,,visit  accept  visit  End,Dex  Class  Visitor,visitor,Dex  Class  Visitor  Dex  Class  Visitor  visit  Annotation  visit  End  visit  Field  visit  Method  visit  Source,Dex  Class  Visitor  String  Visibility  int  Field  Object  int  Method  String  Dex  File  Node,Dex  Class  Node,access  anns  class  Name  fields  interface  Names  methods  source  super  Class,Dex  Class  Node  Dex  Class  Node  visit  Annotation  visit  Field  visit  Method  visit  Source,Dex  Class  Visitor  int  String  String  String  int  String  String  String  Dex  Class  Visitor  String  Visibility  int  Field  Object  int  Method  String,1,0
72,accept,Dex  Class  Node,void,,visit  accept  visit  End,Dex  Class  Node,access  anns  class  Name  fields  interface  Names  methods  source  super  Class,Dex  Class  Node  Dex  Class  Node  visit  Annotation  visit  Field  visit  Method  visit  Source,Dex  Class  Visitor  int  String  String  String  int  String  String  String  Dex  Class  Visitor  String  Visibility  int  Field  Object  int  Method  String,Dex  File  Visitor,visitor,Dex  File  Visitor  Dex  File  Visitor  visit  Dex  File  Version  visit  visit  End,Dex  File  Visitor  int  int  String  String  String  Dex  Class  Node,0,0
73,accept,Dex  Class  Node,void,,visit  accept  visit  End,Dex  File  Visitor,visitor,Dex  File  Visitor  Dex  File  Visitor  visit  Dex  File  Version  visit  visit  End,Dex  File  Visitor  int  int  String  String  String  Dex  Class  Node,Dex  Class  Node,access  anns  class  Name  fields  interface  Names  methods  source  super  Class,Dex  Class  Node  Dex  Class  Node  visit  Annotation  visit  Field  visit  Method  visit  Source,Dex  Class  Visitor  int  String  String  String  int  String  String  String  Dex  Class  Visitor  String  Visibility  int  Field  Object  int  Method  String,1,1
74,accept,Dex  Debug  Node,void,,size  get  visit  Parameter  Name  accept  visit  Set  File,Dex  Debug  Node,debug  Nodes  parameter  Names  fine  Name  Dex  Debug  Op  Node  label  Start  Local  Node  reg  name  type  signature  End  Local  reg  Epiogue  Prologue  Restart  Local  reg  Line  Number  line,add  Debug  visit  Set  File  visit  Restart  Local  visit  Parameter  Name  visit  Line  Number  visit  Start  Local  visit  End  Local  visit  Prologue  visit  Epiogue  Dex  Debug  Op  Node  Start  Local  Node  accept  End  Local  accept  Epiogue  accept  Prologue  accept  Restart  Local  accept  Line  Number  accept,Dex  Debug  Op  Node  String  int  Dex  Label  int  String  int  Dex  Label  int  Dex  Label  String  String  String  int  Dex  Label  Dex  Label  Dex  Label  Dex  Label  Dex  Debug  Visitor  Dex  Label  int  String  String  String  Dex  Debug  Visitor  Dex  Label  int  Dex  Debug  Visitor  Dex  Label  Dex  Debug  Visitor  Dex  Label  Dex  Debug  Visitor  Dex  Label  int  Dex  Debug  Visitor  Dex  Label  int  Dex  Debug  Visitor,Dex  Debug  Visitor,visitor,Dex  Debug  Visitor  Dex  Debug  Visitor  visit  Parameter  Name  visit  Start  Local  visit  Line  Number  visit  End  Local  visit  Set  File  visit  Prologue  visit  Epiogue  visit  Restart  Local  visit  End,Dex  Debug  Visitor  int  String  int  Dex  Label  String  String  String  int  Dex  Label  int  Dex  Label  String  Dex  Label  Dex  Label  int  Dex  Label  Dex  Debug  Node,0,0
75,accept,Dex  Debug  Node,void,,size  get  visit  Parameter  Name  accept  visit  Set  File,Dex  Debug  Visitor,visitor,Dex  Debug  Visitor  Dex  Debug  Visitor  visit  Parameter  Name  visit  Start  Local  visit  Line  Number  visit  End  Local  visit  Set  File  visit  Prologue  visit  Epiogue  visit  Restart  Local  visit  End,Dex  Debug  Visitor  int  String  int  Dex  Label  String  String  String  int  Dex  Label  int  Dex  Label  String  Dex  Label  Dex  Label  int  Dex  Label  Dex  Debug  Node,Dex  Debug  Node,debug  Nodes  parameter  Names  fine  Name  Dex  Debug  Op  Node  label  Start  Local  Node  reg  name  type  signature  End  Local  reg  Epiogue  Prologue  Restart  Local  reg  Line  Number  line,add  Debug  visit  Set  File  visit  Restart  Local  visit  Parameter  Name  visit  Line  Number  visit  Start  Local  visit  End  Local  visit  Prologue  visit  Epiogue  Dex  Debug  Op  Node  Start  Local  Node  accept  End  Local  accept  Epiogue  accept  Prologue  accept  Restart  Local  accept  Line  Number  accept,Dex  Debug  Op  Node  String  int  Dex  Label  int  String  int  Dex  Label  int  Dex  Label  String  String  String  int  Dex  Label  Dex  Label  Dex  Label  Dex  Label  Dex  Debug  Visitor  Dex  Label  int  String  String  String  Dex  Debug  Visitor  Dex  Label  int  Dex  Debug  Visitor  Dex  Label  Dex  Debug  Visitor  Dex  Label  Dex  Debug  Visitor  Dex  Label  int  Dex  Debug  Visitor  Dex  Label  int  Dex  Debug  Visitor,1,1
76,accept,Dex  Field  Node,void,,accept,Dex  Field  Node,access  anns  cst  field,Dex  Field  Node  Dex  Field  Node  visit  Annotation,Dex  Field  Visitor  int  Field  Object  int  Field  Object  Dex  Class  Visitor  String  Visibility,Dex  Class  Visitor,visitor,Dex  Class  Visitor  Dex  Class  Visitor  visit  Annotation  visit  End  visit  Field  visit  Method  visit  Source,Dex  Class  Visitor  String  Visibility  int  Field  Object  int  Method  String  Dex  File  Node,0,0
77,accept,Dex  Field  Node,void,,accept,Dex  Class  Visitor,visitor,Dex  Class  Visitor  Dex  Class  Visitor  visit  Annotation  visit  End  visit  Field  visit  Method  visit  Source,Dex  Class  Visitor  String  Visibility  int  Field  Object  int  Method  String  Dex  File  Node,Dex  Field  Node,access  anns  cst  field,Dex  Field  Node  Dex  Field  Node  visit  Annotation,Dex  Field  Visitor  int  Field  Object  int  Field  Object  Dex  Class  Visitor  String  Visibility,1,0
78,accept,Dex  Field  Node,void,,accept,Dex  Field  Node,access  anns  cst  field,Dex  Field  Node  Dex  Field  Node  visit  Annotation,Dex  Field  Visitor  int  Field  Object  int  Field  Object  Dex  Class  Visitor  String  Visibility,Dex  Field  Visitor,visitor,Dex  Field  Visitor  Dex  Field  Visitor  visit  End  visit  Annotation,Dex  Field  Visitor  String  Visibility  Dex  Field  Node,0,0
79,accept,Dex  Field  Node,void,,accept,Dex  Field  Visitor,visitor,Dex  Field  Visitor  Dex  Field  Visitor  visit  End  visit  Annotation,Dex  Field  Visitor  String  Visibility  Dex  Field  Node,Dex  Field  Node,access  anns  cst  field,Dex  Field  Node  Dex  Field  Node  visit  Annotation,Dex  Field  Visitor  int  Field  Object  int  Field  Object  Dex  Class  Visitor  String  Visibility,1,1
80,accept,Dex  Method  Node,void,,accept  visit  Parameter  Annotation  accept  accept,Dex  Method  Node,access  anns  code  Node  method  parameter  Anns,Dex  Method  Node  Dex  Method  Node  visit  Annotation  visit  Code  visit  Parameter  Annotation  visit  Annotation,Dex  Method  Visitor  int  Method  int  Method  Dex  Class  Visitor  String  Visibility  int  String  Visibility,Dex  Class  Visitor,visitor,Dex  Class  Visitor  Dex  Class  Visitor  visit  Annotation  visit  End  visit  Field  visit  Method  visit  Source,Dex  Class  Visitor  String  Visibility  int  Field  Object  int  Method  String  Dex  File  Node,0,0
81,accept,Dex  Method  Node,void,,accept  visit  Parameter  Annotation  accept  accept,Dex  Class  Visitor,visitor,Dex  Class  Visitor  Dex  Class  Visitor  visit  Annotation  visit  End  visit  Field  visit  Method  visit  Source,Dex  Class  Visitor  String  Visibility  int  Field  Object  int  Method  String  Dex  File  Node,Dex  Method  Node,access  anns  code  Node  method  parameter  Anns,Dex  Method  Node  Dex  Method  Node  visit  Annotation  visit  Code  visit  Parameter  Annotation  visit  Annotation,Dex  Method  Visitor  int  Method  int  Method  Dex  Class  Visitor  String  Visibility  int  String  Visibility,1,0
82,accept,Dex  Method  Node,void,,accept  visit  Parameter  Annotation  accept  accept,Dex  Method  Node,access  anns  code  Node  method  parameter  Anns,Dex  Method  Node  Dex  Method  Node  visit  Annotation  visit  Code  visit  Parameter  Annotation  visit  Annotation,Dex  Method  Visitor  int  Method  int  Method  Dex  Class  Visitor  String  Visibility  int  String  Visibility,Dex  Method  Visitor,visitor,Dex  Method  Visitor  Dex  Method  Visitor  visit  Annotation  visit  Code  visit  End  visit  Parameter  Annotation,Dex  Method  Visitor  String  Visibility  int  Dex  Method  Node,0,0
83,accept,Dex  Method  Node,void,,accept  visit  Parameter  Annotation  accept  accept,Dex  Method  Visitor,visitor,Dex  Method  Visitor  Dex  Method  Visitor  visit  Annotation  visit  Code  visit  End  visit  Parameter  Annotation,Dex  Method  Visitor  String  Visibility  int  Dex  Method  Node,Dex  Method  Node,access  anns  code  Node  method  parameter  Anns,Dex  Method  Node  Dex  Method  Node  visit  Annotation  visit  Code  visit  Parameter  Annotation  visit  Annotation,Dex  Method  Visitor  int  Method  int  Method  Dex  Class  Visitor  String  Visibility  int  String  Visibility,1,1
