id,method-name,parametes-method,return-method,field-access,methods-method,contain-class-name,attributes-class,methods-class,target-class-name,attributes-class,methods-class,tag,move-tag
0,add  Default  Custom  Converters,Custom  Mappings  Loader,void,,get  Custom  Converters  find  Converter  get  Custom  Converters  set  Class  A  set  Class  B  set  Type  add  Converter  get  Custom  Converters,Custom  Mappings  Loader,mappings  Parser  class  Map  Builder  bean  Container  By  Reference  Converter,Custom  Mappings  Loader  load  find  Configuration  convert,Configuration,wildcard  wildcard  Case  Insensitive  stop  On  Errors  trim  Strings  map  Null  map  Empty  String  date  Format  bean  Factory  relationship  Type  custom  Converters  copy  By  References  allowed  Exceptions,get  Allowed  Exceptions  get  Custom  Converters  get  Date  Format  set  Date  Format  get  Wildcard  set  Wildcard  get  Wildcard  Case  Insensitive  set  Wildcard  Case  Insensitive  get  Stop  On  Errors  set  Stop  On  Errors  get  Map  Null  set  Map  Null  get  Map  Empty  String  set  Map  Empty  String  get  Bean  Factory  set  Bean  Factory  get  Copy  By  References  get  Trim  Strings  set  Trim  Strings  get  Relationship  Type  set  Relationship  Type  to  String,0,0
1,add  Default  Custom  Converters,Custom  Mappings  Loader,void,,get  Custom  Converters  find  Converter  get  Custom  Converters  set  Class  A  set  Class  B  set  Type  add  Converter  get  Custom  Converters,Configuration,wildcard  wildcard  Case  Insensitive  stop  On  Errors  trim  Strings  map  Null  map  Empty  String  date  Format  bean  Factory  relationship  Type  custom  Converters  copy  By  References  allowed  Exceptions,get  Allowed  Exceptions  get  Custom  Converters  get  Date  Format  set  Date  Format  get  Wildcard  set  Wildcard  get  Wildcard  Case  Insensitive  set  Wildcard  Case  Insensitive  get  Stop  On  Errors  set  Stop  On  Errors  get  Map  Null  set  Map  Null  get  Map  Empty  String  set  Map  Empty  String  get  Bean  Factory  set  Bean  Factory  get  Copy  By  References  get  Trim  Strings  set  Trim  Strings  get  Relationship  Type  set  Relationship  Type  to  String,Custom  Mappings  Loader,mappings  Parser  class  Map  Builder  bean  Container  By  Reference  Converter,Custom  Mappings  Loader  load  find  Configuration  convert,1,1
2,resolve  Field  Map  Type,Class  Map  Dozer  Field  Dozer  Field  Bean  Container  Dest  Bean  Creator  Property  Descriptor  Factory,Field  Map,,is  Map  Type  Custom  Getter  Setter  Field  is  Map  Type  Custom  Getter  Setter  Field  is  Src  Class  Map  Type  Custom  Getter  Setter  is  Dest  Class  Map  Type  Custom  Getter  Setter  is  Custom  Getter  Setter  Field  is  Custom  Getter  Setter  Field,Field  Definition,parent  Mapping  Definition  parent  Field  Exclude  a  b  a  Hint  b  Hint  a  Deep  Index  Hint  b  Deep  Index  Hint  relationship  Type  remove  Orphans  type  map  Id  copy  By  Reference  custom  Converter  custom  Converter  Id  custom  Converter  Param,Field  Definition  Field  Definition  with  A  with  B  with  A  Hint  with  B  Hint  with  A  Deep  Index  Hint  with  B  Deep  Index  Hint  with  Remove  Orphans  with  Type  with  Map  Id  with  Copy  By  Reference  with  Custom  Converter  with  Custom  Converter  Id  with  Custom  Converter  Param  end  build  get  Hint  Container,Dest  Bean  Creator,plugged  Strategies  available  Strategies  construction  Strategies  bean  Container,Dest  Bean  Creator  create  create  create  set  Stored  Factories  add  Plugged  Strategy,0,0
3,resolve  Field  Map  Type,Class  Map  Dozer  Field  Dozer  Field  Bean  Container  Dest  Bean  Creator  Property  Descriptor  Factory,Field  Map,,is  Map  Type  Custom  Getter  Setter  Field  is  Map  Type  Custom  Getter  Setter  Field  is  Src  Class  Map  Type  Custom  Getter  Setter  is  Dest  Class  Map  Type  Custom  Getter  Setter  is  Custom  Getter  Setter  Field  is  Custom  Getter  Setter  Field,Dest  Bean  Creator,plugged  Strategies  available  Strategies  construction  Strategies  bean  Container,Dest  Bean  Creator  create  create  create  set  Stored  Factories  add  Plugged  Strategy,Field  Definition,parent  Mapping  Definition  parent  Field  Exclude  a  b  a  Hint  b  Hint  a  Deep  Index  Hint  b  Deep  Index  Hint  relationship  Type  remove  Orphans  type  map  Id  copy  By  Reference  custom  Converter  custom  Converter  Id  custom  Converter  Param,Field  Definition  Field  Definition  with  A  with  B  with  A  Hint  with  B  Hint  with  A  Deep  Index  Hint  with  B  Deep  Index  Hint  with  Remove  Orphans  with  Type  with  Map  Id  with  Copy  By  Reference  with  Custom  Converter  with  Custom  Converter  Id  with  Custom  Converter  Param  end  build  get  Hint  Container,1,0
4,resolve  Field  Map  Type,Class  Map  Dozer  Field  Dozer  Field  Bean  Container  Dest  Bean  Creator  Property  Descriptor  Factory,Field  Map,,is  Map  Type  Custom  Getter  Setter  Field  is  Map  Type  Custom  Getter  Setter  Field  is  Src  Class  Map  Type  Custom  Getter  Setter  is  Dest  Class  Map  Type  Custom  Getter  Setter  is  Custom  Getter  Setter  Field  is  Custom  Getter  Setter  Field,Field  Definition,parent  Mapping  Definition  parent  Field  Exclude  a  b  a  Hint  b  Hint  a  Deep  Index  Hint  b  Deep  Index  Hint  relationship  Type  remove  Orphans  type  map  Id  copy  By  Reference  custom  Converter  custom  Converter  Id  custom  Converter  Param,Field  Definition  Field  Definition  with  A  with  B  with  A  Hint  with  B  Hint  with  A  Deep  Index  Hint  with  B  Deep  Index  Hint  with  Remove  Orphans  with  Type  with  Map  Id  with  Copy  By  Reference  with  Custom  Converter  with  Custom  Converter  Id  with  Custom  Converter  Param  end  build  get  Hint  Container,Class  Map,global  Configuration  src  Class  dest  Class  field  Maps  allowed  Exceptions  type  date  Format  bean  Factory  map  Null  map  Empty  String  wildcard  wildcard  Case  Insensitive  stop  On  Errors  trim  Strings  custom  Converters  map  Id  relationship  Type,Class  Map  get  Field  Maps  is  Stop  On  Errors  set  Stop  On  Errors  is  Trim  Strings  set  Trim  Strings  get  Allowed  Exceptions  set  Allowed  Exceptions  get  Field  Map  Using  Dest  get  Field  Map  Using  Dest  provide  Alternate  Name  get  Field  Map  Using  Src  set  Field  Maps  add  Field  Mapping  remove  Field  Mapping  is  Wildcard  set  Wildcard  is  Wildcard  Case  Insensitive  set  Wildcard  Case  Insensitive  get  Type  set  Type  get  Date  Format  set  Date  Format  get  Custom  Converters  set  Custom  Converters  get  Src  Class  To  Map  get  Dest  Class  To  Map  is  Dest  Map  Null  is  Src  Map  Null  is  Dest  Map  Empty  String  is  Src  Map  Empty  String  get  Dest  Class  Bean  Factory  get  Src  Class  Bean  Factory  get  Dest  Class  Bean  Factory  Id  get  Src  Class  Bean  Factory  Id  get  Src  Class  Map  Get  Method  get  Src  Class  Map  Set  Method  get  Dest  Class  Map  Get  Method  get  Dest  Class  Map  Set  Method  get  Dest  Class  Create  Method  get  Src  Class  Create  Method  set  Src  Class  Create  Method  set  Dest  Class  Create  Method  is  Dest  Class  Map  Type  Custom  Getter  Setter  is  Src  Class  Map  Type  Custom  Getter  Setter  set  Src  Class  set  Dest  Class  get  Dest  Class  Name  get  Src  Class  Name  get  Bean  Factory  set  Bean  Factory  get  Map  Id  set  Map  Id  set  Map  Null  set  Map  Empty  String  get  Global  Configuration  set  Global  Configuration  get  Relationship  Type  set  Relationship  Type  get  Src  Class  get  Dest  Class  to  String  dest  Class  Is  Accessible,0,0
5,resolve  Field  Map  Type,Class  Map  Dozer  Field  Dozer  Field  Bean  Container  Dest  Bean  Creator  Property  Descriptor  Factory,Field  Map,,is  Map  Type  Custom  Getter  Setter  Field  is  Map  Type  Custom  Getter  Setter  Field  is  Src  Class  Map  Type  Custom  Getter  Setter  is  Dest  Class  Map  Type  Custom  Getter  Setter  is  Custom  Getter  Setter  Field  is  Custom  Getter  Setter  Field,Class  Map,global  Configuration  src  Class  dest  Class  field  Maps  allowed  Exceptions  type  date  Format  bean  Factory  map  Null  map  Empty  String  wildcard  wildcard  Case  Insensitive  stop  On  Errors  trim  Strings  custom  Converters  map  Id  relationship  Type,Class  Map  get  Field  Maps  is  Stop  On  Errors  set  Stop  On  Errors  is  Trim  Strings  set  Trim  Strings  get  Allowed  Exceptions  set  Allowed  Exceptions  get  Field  Map  Using  Dest  get  Field  Map  Using  Dest  provide  Alternate  Name  get  Field  Map  Using  Src  set  Field  Maps  add  Field  Mapping  remove  Field  Mapping  is  Wildcard  set  Wildcard  is  Wildcard  Case  Insensitive  set  Wildcard  Case  Insensitive  get  Type  set  Type  get  Date  Format  set  Date  Format  get  Custom  Converters  set  Custom  Converters  get  Src  Class  To  Map  get  Dest  Class  To  Map  is  Dest  Map  Null  is  Src  Map  Null  is  Dest  Map  Empty  String  is  Src  Map  Empty  String  get  Dest  Class  Bean  Factory  get  Src  Class  Bean  Factory  get  Dest  Class  Bean  Factory  Id  get  Src  Class  Bean  Factory  Id  get  Src  Class  Map  Get  Method  get  Src  Class  Map  Set  Method  get  Dest  Class  Map  Get  Method  get  Dest  Class  Map  Set  Method  get  Dest  Class  Create  Method  get  Src  Class  Create  Method  set  Src  Class  Create  Method  set  Dest  Class  Create  Method  is  Dest  Class  Map  Type  Custom  Getter  Setter  is  Src  Class  Map  Type  Custom  Getter  Setter  set  Src  Class  set  Dest  Class  get  Dest  Class  Name  get  Src  Class  Name  get  Bean  Factory  set  Bean  Factory  get  Map  Id  set  Map  Id  set  Map  Null  set  Map  Empty  String  get  Global  Configuration  set  Global  Configuration  get  Relationship  Type  set  Relationship  Type  get  Src  Class  get  Dest  Class  to  String  dest  Class  Is  Accessible,Field  Definition,parent  Mapping  Definition  parent  Field  Exclude  a  b  a  Hint  b  Hint  a  Deep  Index  Hint  b  Deep  Index  Hint  relationship  Type  remove  Orphans  type  map  Id  copy  By  Reference  custom  Converter  custom  Converter  Id  custom  Converter  Param,Field  Definition  Field  Definition  with  A  with  B  with  A  Hint  with  B  Hint  with  A  Deep  Index  Hint  with  B  Deep  Index  Hint  with  Remove  Orphans  with  Type  with  Map  Id  with  Copy  By  Reference  with  Custom  Converter  with  Custom  Converter  Id  with  Custom  Converter  Param  end  build  get  Hint  Container,1,0
6,resolve  Field  Map  Type,Class  Map  Dozer  Field  Dozer  Field  Bean  Container  Dest  Bean  Creator  Property  Descriptor  Factory,Field  Map,,is  Map  Type  Custom  Getter  Setter  Field  is  Map  Type  Custom  Getter  Setter  Field  is  Src  Class  Map  Type  Custom  Getter  Setter  is  Dest  Class  Map  Type  Custom  Getter  Setter  is  Custom  Getter  Setter  Field  is  Custom  Getter  Setter  Field,Field  Definition,parent  Mapping  Definition  parent  Field  Exclude  a  b  a  Hint  b  Hint  a  Deep  Index  Hint  b  Deep  Index  Hint  relationship  Type  remove  Orphans  type  map  Id  copy  By  Reference  custom  Converter  custom  Converter  Id  custom  Converter  Param,Field  Definition  Field  Definition  with  A  with  B  with  A  Hint  with  B  Hint  with  A  Deep  Index  Hint  with  B  Deep  Index  Hint  with  Remove  Orphans  with  Type  with  Map  Id  with  Copy  By  Reference  with  Custom  Converter  with  Custom  Converter  Id  with  Custom  Converter  Param  end  build  get  Hint  Container,Dozer  Field,type  name  date  Format  the  Get  Method  the  Set  Method  key  map  Set  Method  map  Get  Method  accessible  create  Method  indexed  index,Dozer  Field  set  Type  get  Type  get  Name  get  Date  Format  set  Date  Format  get  The  Get  Method  set  The  Get  Method  get  The  Set  Method  set  The  Set  Method  get  Key  set  Key  get  Map  Get  Method  set  Map  Get  Method  get  Map  Set  Method  set  Map  Set  Method  is  Accessible  set  Accessible  get  Create  Method  set  Create  Method  get  Index  set  Index  is  Indexed  set  Indexed  set  Name  is  Custom  Getter  Setter  Field  is  Map  Type  Custom  Getter  Setter  Field  to  String  clone  determine  Access,0,0
7,resolve  Field  Map  Type,Class  Map  Dozer  Field  Dozer  Field  Bean  Container  Dest  Bean  Creator  Property  Descriptor  Factory,Field  Map,,is  Map  Type  Custom  Getter  Setter  Field  is  Map  Type  Custom  Getter  Setter  Field  is  Src  Class  Map  Type  Custom  Getter  Setter  is  Dest  Class  Map  Type  Custom  Getter  Setter  is  Custom  Getter  Setter  Field  is  Custom  Getter  Setter  Field,Dozer  Field,type  name  date  Format  the  Get  Method  the  Set  Method  key  map  Set  Method  map  Get  Method  accessible  create  Method  indexed  index,Dozer  Field  set  Type  get  Type  get  Name  get  Date  Format  set  Date  Format  get  The  Get  Method  set  The  Get  Method  get  The  Set  Method  set  The  Set  Method  get  Key  set  Key  get  Map  Get  Method  set  Map  Get  Method  get  Map  Set  Method  set  Map  Set  Method  is  Accessible  set  Accessible  get  Create  Method  set  Create  Method  get  Index  set  Index  is  Indexed  set  Indexed  set  Name  is  Custom  Getter  Setter  Field  is  Map  Type  Custom  Getter  Setter  Field  to  String  clone  determine  Access,Field  Definition,parent  Mapping  Definition  parent  Field  Exclude  a  b  a  Hint  b  Hint  a  Deep  Index  Hint  b  Deep  Index  Hint  relationship  Type  remove  Orphans  type  map  Id  copy  By  Reference  custom  Converter  custom  Converter  Id  custom  Converter  Param,Field  Definition  Field  Definition  with  A  with  B  with  A  Hint  with  B  Hint  with  A  Deep  Index  Hint  with  B  Deep  Index  Hint  with  Remove  Orphans  with  Type  with  Map  Id  with  Copy  By  Reference  with  Custom  Converter  with  Custom  Converter  Id  with  Custom  Converter  Param  end  build  get  Hint  Container,1,0
8,resolve  Field  Map  Type,Class  Map  Dozer  Field  Dozer  Field  Bean  Container  Dest  Bean  Creator  Property  Descriptor  Factory,Field  Map,,is  Map  Type  Custom  Getter  Setter  Field  is  Map  Type  Custom  Getter  Setter  Field  is  Src  Class  Map  Type  Custom  Getter  Setter  is  Dest  Class  Map  Type  Custom  Getter  Setter  is  Custom  Getter  Setter  Field  is  Custom  Getter  Setter  Field,Field  Definition,parent  Mapping  Definition  parent  Field  Exclude  a  b  a  Hint  b  Hint  a  Deep  Index  Hint  b  Deep  Index  Hint  relationship  Type  remove  Orphans  type  map  Id  copy  By  Reference  custom  Converter  custom  Converter  Id  custom  Converter  Param,Field  Definition  Field  Definition  with  A  with  B  with  A  Hint  with  B  Hint  with  A  Deep  Index  Hint  with  B  Deep  Index  Hint  with  Remove  Orphans  with  Type  with  Map  Id  with  Copy  By  Reference  with  Custom  Converter  with  Custom  Converter  Id  with  Custom  Converter  Param  end  build  get  Hint  Container,Property  Descriptor  Factory,plugged  Descriptor  Creation  Strategies,Property  Descriptor  Factory  get  Property  Descriptor  add  Plugged  Property  Descriptor  Creation  Strategies,0,0
9,resolve  Field  Map  Type,Class  Map  Dozer  Field  Dozer  Field  Bean  Container  Dest  Bean  Creator  Property  Descriptor  Factory,Field  Map,,is  Map  Type  Custom  Getter  Setter  Field  is  Map  Type  Custom  Getter  Setter  Field  is  Src  Class  Map  Type  Custom  Getter  Setter  is  Dest  Class  Map  Type  Custom  Getter  Setter  is  Custom  Getter  Setter  Field  is  Custom  Getter  Setter  Field,Property  Descriptor  Factory,plugged  Descriptor  Creation  Strategies,Property  Descriptor  Factory  get  Property  Descriptor  add  Plugged  Property  Descriptor  Creation  Strategies,Field  Definition,parent  Mapping  Definition  parent  Field  Exclude  a  b  a  Hint  b  Hint  a  Deep  Index  Hint  b  Deep  Index  Hint  relationship  Type  remove  Orphans  type  map  Id  copy  By  Reference  custom  Converter  custom  Converter  Id  custom  Converter  Param,Field  Definition  Field  Definition  with  A  with  B  with  A  Hint  with  B  Hint  with  A  Deep  Index  Hint  with  B  Deep  Index  Hint  with  Remove  Orphans  with  Type  with  Map  Id  with  Copy  By  Reference  with  Custom  Converter  with  Custom  Converter  Id  with  Custom  Converter  Param  end  build  get  Hint  Container,1,0
10,resolve  Field  Map  Type,Class  Map  Dozer  Field  Dozer  Field  Bean  Container  Dest  Bean  Creator  Property  Descriptor  Factory,Field  Map,,is  Map  Type  Custom  Getter  Setter  Field  is  Map  Type  Custom  Getter  Setter  Field  is  Src  Class  Map  Type  Custom  Getter  Setter  is  Dest  Class  Map  Type  Custom  Getter  Setter  is  Custom  Getter  Setter  Field  is  Custom  Getter  Setter  Field,Field  Definition,parent  Mapping  Definition  parent  Field  Exclude  a  b  a  Hint  b  Hint  a  Deep  Index  Hint  b  Deep  Index  Hint  relationship  Type  remove  Orphans  type  map  Id  copy  By  Reference  custom  Converter  custom  Converter  Id  custom  Converter  Param,Field  Definition  Field  Definition  with  A  with  B  with  A  Hint  with  B  Hint  with  A  Deep  Index  Hint  with  B  Deep  Index  Hint  with  Remove  Orphans  with  Type  with  Map  Id  with  Copy  By  Reference  with  Custom  Converter  with  Custom  Converter  Id  with  Custom  Converter  Param  end  build  get  Hint  Container,Bean  Container,class  Loader  tccl  proxy  Resolver  element  Reader  el  Engine,get  Class  Loader  get  T  C  C  L  set  Class  Loader  get  Proxy  Resolver  set  Proxy  Resolver  get  Element  Reader  set  Element  Reader  get  El  Engine  set  El  Engine,0,0
11,resolve  Field  Map  Type,Class  Map  Dozer  Field  Dozer  Field  Bean  Container  Dest  Bean  Creator  Property  Descriptor  Factory,Field  Map,,is  Map  Type  Custom  Getter  Setter  Field  is  Map  Type  Custom  Getter  Setter  Field  is  Src  Class  Map  Type  Custom  Getter  Setter  is  Dest  Class  Map  Type  Custom  Getter  Setter  is  Custom  Getter  Setter  Field  is  Custom  Getter  Setter  Field,Bean  Container,class  Loader  tccl  proxy  Resolver  element  Reader  el  Engine,get  Class  Loader  get  T  C  C  L  set  Class  Loader  get  Proxy  Resolver  set  Proxy  Resolver  get  Element  Reader  set  Element  Reader  get  El  Engine  set  El  Engine,Field  Definition,parent  Mapping  Definition  parent  Field  Exclude  a  b  a  Hint  b  Hint  a  Deep  Index  Hint  b  Deep  Index  Hint  relationship  Type  remove  Orphans  type  map  Id  copy  By  Reference  custom  Converter  custom  Converter  Id  custom  Converter  Param,Field  Definition  Field  Definition  with  A  with  B  with  A  Hint  with  B  Hint  with  A  Deep  Index  Hint  with  B  Deep  Index  Hint  with  Remove  Orphans  with  Type  with  Map  Id  with  Copy  By  Reference  with  Custom  Converter  with  Custom  Converter  Id  with  Custom  Converter  Param  end  build  get  Hint  Container,1,0
12,get  Hint  Container,String  Bean  Container,Hint  Container,,is  Empty  set  Hint  Name,Field  Definition,parent  Mapping  Definition  parent  Field  Exclude  a  b  a  Hint  b  Hint  a  Deep  Index  Hint  b  Deep  Index  Hint  relationship  Type  remove  Orphans  type  map  Id  copy  By  Reference  custom  Converter  custom  Converter  Id  custom  Converter  Param,Field  Definition  Field  Definition  with  A  with  B  with  A  Hint  with  B  Hint  with  A  Deep  Index  Hint  with  B  Deep  Index  Hint  with  Remove  Orphans  with  Type  with  Map  Id  with  Copy  By  Reference  with  Custom  Converter  with  Custom  Converter  Id  with  Custom  Converter  Param  end  build  resolve  Field  Map  Type,Bean  Container,class  Loader  tccl  proxy  Resolver  element  Reader  el  Engine,get  Class  Loader  get  T  C  C  L  set  Class  Loader  get  Proxy  Resolver  set  Proxy  Resolver  get  Element  Reader  set  Element  Reader  get  El  Engine  set  El  Engine,0,0
13,get  Hint  Container,String  Bean  Container,Hint  Container,,is  Empty  set  Hint  Name,Bean  Container,class  Loader  tccl  proxy  Resolver  element  Reader  el  Engine,get  Class  Loader  get  T  C  C  L  set  Class  Loader  get  Proxy  Resolver  set  Proxy  Resolver  get  Element  Reader  set  Element  Reader  get  El  Engine  set  El  Engine,Field  Definition,parent  Mapping  Definition  parent  Field  Exclude  a  b  a  Hint  b  Hint  a  Deep  Index  Hint  b  Deep  Index  Hint  relationship  Type  remove  Orphans  type  map  Id  copy  By  Reference  custom  Converter  custom  Converter  Id  custom  Converter  Param,Field  Definition  Field  Definition  with  A  with  B  with  A  Hint  with  B  Hint  with  A  Deep  Index  Hint  with  B  Deep  Index  Hint  with  Remove  Orphans  with  Type  with  Map  Id  with  Copy  By  Reference  with  Custom  Converter  with  Custom  Converter  Id  with  Custom  Converter  Param  end  build  resolve  Field  Map  Type,1,0
14,apply  Strategies,List  Bean  Creation  Strategy  Dest  Bean  Creator,Object,,is  Applicable  create,Dest  Bean  Creator,plugged  Strategies  available  Strategies  construction  Strategies  bean  Container,Dest  Bean  Creator  create  create  create  set  Stored  Factories  add  Plugged  Strategy,Bean  Creation  Directive,src  Object  src  Class  target  Class  alternate  Class  factory  Name  factory  Id  create  Method  skip  Constructor  dest  Obj  dest  Field  Name,Bean  Creation  Directive  Bean  Creation  Directive  Bean  Creation  Directive  get  Src  Object  get  Src  Class  get  Target  Class  get  Alternate  Class  get  Factory  Name  get  Factory  Id  get  Create  Method  set  Src  Object  set  Src  Class  set  Target  Class  set  Alternate  Class  set  Factory  Name  set  Factory  Id  set  Create  Method  is  Skip  Constructor  set  Skip  Constructor  get  Actual  Class  get  Dest  Obj  set  Dest  Obj  get  Dest  Field  Name  set  Dest  Field  Name  get  Field  Name,0,0
15,apply  Strategies,List  Bean  Creation  Strategy  Dest  Bean  Creator,Object,,is  Applicable  create,Bean  Creation  Directive,src  Object  src  Class  target  Class  alternate  Class  factory  Name  factory  Id  create  Method  skip  Constructor  dest  Obj  dest  Field  Name,Bean  Creation  Directive  Bean  Creation  Directive  Bean  Creation  Directive  get  Src  Object  get  Src  Class  get  Target  Class  get  Alternate  Class  get  Factory  Name  get  Factory  Id  get  Create  Method  set  Src  Object  set  Src  Class  set  Target  Class  set  Alternate  Class  set  Factory  Name  set  Factory  Id  set  Create  Method  is  Skip  Constructor  set  Skip  Constructor  get  Actual  Class  get  Dest  Obj  set  Dest  Obj  get  Dest  Field  Name  set  Dest  Field  Name  get  Field  Name,Dest  Bean  Creator,plugged  Strategies  available  Strategies  construction  Strategies  bean  Container,Dest  Bean  Creator  create  create  create  set  Stored  Factories  add  Plugged  Strategy,1,1
16,dest  Class  Is  Accessible,Class  Level  Field  Mapping  Generator,boolean,,get  Dest  Class  is  Accessible  get  Dest  Class,Class  Level  Field  Mapping  Generator,bean  Container  dest  Bean  Creator  property  Descriptor  Factory,Class  Level  Field  Mapping  Generator  accepts  apply  map  Field  Appropriately  get  Declared  Field  Names  get  Matching  Unmapped  Field  Names  get  Matching  Unmapped  Field  Names  Case  Insensitive  src  Class  Is  Accessible,Class  Map,global  Configuration  src  Class  dest  Class  field  Maps  allowed  Exceptions  type  date  Format  bean  Factory  map  Null  map  Empty  String  wildcard  wildcard  Case  Insensitive  stop  On  Errors  trim  Strings  custom  Converters  map  Id  relationship  Type,Class  Map  get  Field  Maps  is  Stop  On  Errors  set  Stop  On  Errors  is  Trim  Strings  set  Trim  Strings  get  Allowed  Exceptions  set  Allowed  Exceptions  get  Field  Map  Using  Dest  get  Field  Map  Using  Dest  provide  Alternate  Name  get  Field  Map  Using  Src  set  Field  Maps  add  Field  Mapping  remove  Field  Mapping  is  Wildcard  set  Wildcard  is  Wildcard  Case  Insensitive  set  Wildcard  Case  Insensitive  get  Type  set  Type  get  Date  Format  set  Date  Format  get  Custom  Converters  set  Custom  Converters  get  Src  Class  To  Map  get  Dest  Class  To  Map  is  Dest  Map  Null  is  Src  Map  Null  is  Dest  Map  Empty  String  is  Src  Map  Empty  String  get  Dest  Class  Bean  Factory  get  Src  Class  Bean  Factory  get  Dest  Class  Bean  Factory  Id  get  Src  Class  Bean  Factory  Id  get  Src  Class  Map  Get  Method  get  Src  Class  Map  Set  Method  get  Dest  Class  Map  Get  Method  get  Dest  Class  Map  Set  Method  get  Dest  Class  Create  Method  get  Src  Class  Create  Method  set  Src  Class  Create  Method  set  Dest  Class  Create  Method  is  Dest  Class  Map  Type  Custom  Getter  Setter  is  Src  Class  Map  Type  Custom  Getter  Setter  set  Src  Class  set  Dest  Class  get  Dest  Class  Name  get  Src  Class  Name  get  Bean  Factory  set  Bean  Factory  get  Map  Id  set  Map  Id  set  Map  Null  set  Map  Empty  String  get  Global  Configuration  set  Global  Configuration  get  Relationship  Type  set  Relationship  Type  get  Src  Class  get  Dest  Class  to  String,0,0
17,dest  Class  Is  Accessible,Class  Level  Field  Mapping  Generator,boolean,,get  Dest  Class  is  Accessible  get  Dest  Class,Class  Map,global  Configuration  src  Class  dest  Class  field  Maps  allowed  Exceptions  type  date  Format  bean  Factory  map  Null  map  Empty  String  wildcard  wildcard  Case  Insensitive  stop  On  Errors  trim  Strings  custom  Converters  map  Id  relationship  Type,Class  Map  get  Field  Maps  is  Stop  On  Errors  set  Stop  On  Errors  is  Trim  Strings  set  Trim  Strings  get  Allowed  Exceptions  set  Allowed  Exceptions  get  Field  Map  Using  Dest  get  Field  Map  Using  Dest  provide  Alternate  Name  get  Field  Map  Using  Src  set  Field  Maps  add  Field  Mapping  remove  Field  Mapping  is  Wildcard  set  Wildcard  is  Wildcard  Case  Insensitive  set  Wildcard  Case  Insensitive  get  Type  set  Type  get  Date  Format  set  Date  Format  get  Custom  Converters  set  Custom  Converters  get  Src  Class  To  Map  get  Dest  Class  To  Map  is  Dest  Map  Null  is  Src  Map  Null  is  Dest  Map  Empty  String  is  Src  Map  Empty  String  get  Dest  Class  Bean  Factory  get  Src  Class  Bean  Factory  get  Dest  Class  Bean  Factory  Id  get  Src  Class  Bean  Factory  Id  get  Src  Class  Map  Get  Method  get  Src  Class  Map  Set  Method  get  Dest  Class  Map  Get  Method  get  Dest  Class  Map  Set  Method  get  Dest  Class  Create  Method  get  Src  Class  Create  Method  set  Src  Class  Create  Method  set  Dest  Class  Create  Method  is  Dest  Class  Map  Type  Custom  Getter  Setter  is  Src  Class  Map  Type  Custom  Getter  Setter  set  Src  Class  set  Dest  Class  get  Dest  Class  Name  get  Src  Class  Name  get  Bean  Factory  set  Bean  Factory  get  Map  Id  set  Map  Id  set  Map  Null  set  Map  Empty  String  get  Global  Configuration  set  Global  Configuration  get  Relationship  Type  set  Relationship  Type  get  Src  Class  get  Dest  Class  to  String,Class  Level  Field  Mapping  Generator,bean  Container  dest  Bean  Creator  property  Descriptor  Factory,Class  Level  Field  Mapping  Generator  accepts  apply  map  Field  Appropriately  get  Declared  Field  Names  get  Matching  Unmapped  Field  Names  get  Matching  Unmapped  Field  Names  Case  Insensitive  src  Class  Is  Accessible,1,1
18,src  Class  Is  Accessible,Class  Map,boolean,,get  Src  Class  is  Accessible  get  Src  Class,Class  Level  Field  Mapping  Generator,bean  Container  dest  Bean  Creator  property  Descriptor  Factory,Class  Level  Field  Mapping  Generator  accepts  apply  map  Field  Appropriately  get  Declared  Field  Names  get  Matching  Unmapped  Field  Names  get  Matching  Unmapped  Field  Names  Case  Insensitive,Class  Map,global  Configuration  src  Class  dest  Class  field  Maps  allowed  Exceptions  type  date  Format  bean  Factory  map  Null  map  Empty  String  wildcard  wildcard  Case  Insensitive  stop  On  Errors  trim  Strings  custom  Converters  map  Id  relationship  Type,Class  Map  get  Field  Maps  is  Stop  On  Errors  set  Stop  On  Errors  is  Trim  Strings  set  Trim  Strings  get  Allowed  Exceptions  set  Allowed  Exceptions  get  Field  Map  Using  Dest  get  Field  Map  Using  Dest  provide  Alternate  Name  get  Field  Map  Using  Src  set  Field  Maps  add  Field  Mapping  remove  Field  Mapping  is  Wildcard  set  Wildcard  is  Wildcard  Case  Insensitive  set  Wildcard  Case  Insensitive  get  Type  set  Type  get  Date  Format  set  Date  Format  get  Custom  Converters  set  Custom  Converters  get  Src  Class  To  Map  get  Dest  Class  To  Map  is  Dest  Map  Null  is  Src  Map  Null  is  Dest  Map  Empty  String  is  Src  Map  Empty  String  get  Dest  Class  Bean  Factory  get  Src  Class  Bean  Factory  get  Dest  Class  Bean  Factory  Id  get  Src  Class  Bean  Factory  Id  get  Src  Class  Map  Get  Method  get  Src  Class  Map  Set  Method  get  Dest  Class  Map  Get  Method  get  Dest  Class  Map  Set  Method  get  Dest  Class  Create  Method  get  Src  Class  Create  Method  set  Src  Class  Create  Method  set  Dest  Class  Create  Method  is  Dest  Class  Map  Type  Custom  Getter  Setter  is  Src  Class  Map  Type  Custom  Getter  Setter  set  Src  Class  set  Dest  Class  get  Dest  Class  Name  get  Src  Class  Name  get  Bean  Factory  set  Bean  Factory  get  Map  Id  set  Map  Id  set  Map  Null  set  Map  Empty  String  get  Global  Configuration  set  Global  Configuration  get  Relationship  Type  set  Relationship  Type  get  Src  Class  get  Dest  Class  to  String  dest  Class  Is  Accessible,0,0
19,src  Class  Is  Accessible,Class  Map,boolean,,get  Src  Class  is  Accessible  get  Src  Class,Class  Map,global  Configuration  src  Class  dest  Class  field  Maps  allowed  Exceptions  type  date  Format  bean  Factory  map  Null  map  Empty  String  wildcard  wildcard  Case  Insensitive  stop  On  Errors  trim  Strings  custom  Converters  map  Id  relationship  Type,Class  Map  get  Field  Maps  is  Stop  On  Errors  set  Stop  On  Errors  is  Trim  Strings  set  Trim  Strings  get  Allowed  Exceptions  set  Allowed  Exceptions  get  Field  Map  Using  Dest  get  Field  Map  Using  Dest  provide  Alternate  Name  get  Field  Map  Using  Src  set  Field  Maps  add  Field  Mapping  remove  Field  Mapping  is  Wildcard  set  Wildcard  is  Wildcard  Case  Insensitive  set  Wildcard  Case  Insensitive  get  Type  set  Type  get  Date  Format  set  Date  Format  get  Custom  Converters  set  Custom  Converters  get  Src  Class  To  Map  get  Dest  Class  To  Map  is  Dest  Map  Null  is  Src  Map  Null  is  Dest  Map  Empty  String  is  Src  Map  Empty  String  get  Dest  Class  Bean  Factory  get  Src  Class  Bean  Factory  get  Dest  Class  Bean  Factory  Id  get  Src  Class  Bean  Factory  Id  get  Src  Class  Map  Get  Method  get  Src  Class  Map  Set  Method  get  Dest  Class  Map  Get  Method  get  Dest  Class  Map  Set  Method  get  Dest  Class  Create  Method  get  Src  Class  Create  Method  set  Src  Class  Create  Method  set  Dest  Class  Create  Method  is  Dest  Class  Map  Type  Custom  Getter  Setter  is  Src  Class  Map  Type  Custom  Getter  Setter  set  Src  Class  set  Dest  Class  get  Dest  Class  Name  get  Src  Class  Name  get  Bean  Factory  set  Bean  Factory  get  Map  Id  set  Map  Id  set  Map  Null  set  Map  Empty  String  get  Global  Configuration  set  Global  Configuration  get  Relationship  Type  set  Relationship  Type  get  Src  Class  get  Dest  Class  to  String  dest  Class  Is  Accessible,Class  Level  Field  Mapping  Generator,bean  Container  dest  Bean  Creator  property  Descriptor  Factory,Class  Level  Field  Mapping  Generator  accepts  apply  map  Field  Appropriately  get  Declared  Field  Names  get  Matching  Unmapped  Field  Names  get  Matching  Unmapped  Field  Names  Case  Insensitive,1,0
20,fail  On  Duplicate,Object  Class  Map,void,,equals  get  Src  Class  Name  get  Dest  Class  Name  get  Src  Class  Name  get  Dest  Class  Name  get  Map  Id,Class  Mappings,class  Mappings  key  Factory  bean  Container,Class  Mappings  add  Default  add  add  add  All  get  All  size  find  contains  find  find  Interface  Mapping  is  Interface  Implementation  is  Abstract,Class  Map,global  Configuration  src  Class  dest  Class  field  Maps  allowed  Exceptions  type  date  Format  bean  Factory  map  Null  map  Empty  String  wildcard  wildcard  Case  Insensitive  stop  On  Errors  trim  Strings  custom  Converters  map  Id  relationship  Type,Class  Map  get  Field  Maps  is  Stop  On  Errors  set  Stop  On  Errors  is  Trim  Strings  set  Trim  Strings  get  Allowed  Exceptions  set  Allowed  Exceptions  get  Field  Map  Using  Dest  get  Field  Map  Using  Dest  provide  Alternate  Name  get  Field  Map  Using  Src  set  Field  Maps  add  Field  Mapping  remove  Field  Mapping  is  Wildcard  set  Wildcard  is  Wildcard  Case  Insensitive  set  Wildcard  Case  Insensitive  get  Type  set  Type  get  Date  Format  set  Date  Format  get  Custom  Converters  set  Custom  Converters  get  Src  Class  To  Map  get  Dest  Class  To  Map  is  Dest  Map  Null  is  Src  Map  Null  is  Dest  Map  Empty  String  is  Src  Map  Empty  String  get  Dest  Class  Bean  Factory  get  Src  Class  Bean  Factory  get  Dest  Class  Bean  Factory  Id  get  Src  Class  Bean  Factory  Id  get  Src  Class  Map  Get  Method  get  Src  Class  Map  Set  Method  get  Dest  Class  Map  Get  Method  get  Dest  Class  Map  Set  Method  get  Dest  Class  Create  Method  get  Src  Class  Create  Method  set  Src  Class  Create  Method  set  Dest  Class  Create  Method  is  Dest  Class  Map  Type  Custom  Getter  Setter  is  Src  Class  Map  Type  Custom  Getter  Setter  set  Src  Class  set  Dest  Class  get  Dest  Class  Name  get  Src  Class  Name  get  Bean  Factory  set  Bean  Factory  get  Map  Id  set  Map  Id  set  Map  Null  set  Map  Empty  String  get  Global  Configuration  set  Global  Configuration  get  Relationship  Type  set  Relationship  Type  get  Src  Class  get  Dest  Class  to  String  dest  Class  Is  Accessible,0,0
21,fail  On  Duplicate,Object  Class  Map,void,,equals  get  Src  Class  Name  get  Dest  Class  Name  get  Src  Class  Name  get  Dest  Class  Name  get  Map  Id,Class  Map,global  Configuration  src  Class  dest  Class  field  Maps  allowed  Exceptions  type  date  Format  bean  Factory  map  Null  map  Empty  String  wildcard  wildcard  Case  Insensitive  stop  On  Errors  trim  Strings  custom  Converters  map  Id  relationship  Type,Class  Map  get  Field  Maps  is  Stop  On  Errors  set  Stop  On  Errors  is  Trim  Strings  set  Trim  Strings  get  Allowed  Exceptions  set  Allowed  Exceptions  get  Field  Map  Using  Dest  get  Field  Map  Using  Dest  provide  Alternate  Name  get  Field  Map  Using  Src  set  Field  Maps  add  Field  Mapping  remove  Field  Mapping  is  Wildcard  set  Wildcard  is  Wildcard  Case  Insensitive  set  Wildcard  Case  Insensitive  get  Type  set  Type  get  Date  Format  set  Date  Format  get  Custom  Converters  set  Custom  Converters  get  Src  Class  To  Map  get  Dest  Class  To  Map  is  Dest  Map  Null  is  Src  Map  Null  is  Dest  Map  Empty  String  is  Src  Map  Empty  String  get  Dest  Class  Bean  Factory  get  Src  Class  Bean  Factory  get  Dest  Class  Bean  Factory  Id  get  Src  Class  Bean  Factory  Id  get  Src  Class  Map  Get  Method  get  Src  Class  Map  Set  Method  get  Dest  Class  Map  Get  Method  get  Dest  Class  Map  Set  Method  get  Dest  Class  Create  Method  get  Src  Class  Create  Method  set  Src  Class  Create  Method  set  Dest  Class  Create  Method  is  Dest  Class  Map  Type  Custom  Getter  Setter  is  Src  Class  Map  Type  Custom  Getter  Setter  set  Src  Class  set  Dest  Class  get  Dest  Class  Name  get  Src  Class  Name  get  Bean  Factory  set  Bean  Factory  get  Map  Id  set  Map  Id  set  Map  Null  set  Map  Empty  String  get  Global  Configuration  set  Global  Configuration  get  Relationship  Type  set  Relationship  Type  get  Src  Class  get  Dest  Class  to  String  dest  Class  Is  Accessible,Class  Mappings,class  Mappings  key  Factory  bean  Container,Class  Mappings  add  Default  add  add  add  All  get  All  size  find  contains  find  find  Interface  Mapping  is  Interface  Implementation  is  Abstract,1,0
22,determine  Access,Dozer  Class  Field  Map,boolean,,is  Accessible  is  Accessible,Field  Map,log  bean  Container  dest  Bean  Creator  property  Descriptor  Factory  class  Map  src  Field  dest  Field  src  Hint  Container  dest  Hint  Container  src  Deep  Index  Hint  Container  dest  Deep  Index  Hint  Container  type  copy  By  Reference  copy  By  Reference  Overidden  map  Id  custom  Converter  custom  Converter  Id  custom  Converter  Param  relationship  Type  remove  Orphans  src  Property  Descriptor  Map  dest  Property  Descriptor  Map,Field  Map  get  Class  Map  set  Class  Map  get  Src  Field  Value  write  Dest  Value  get  Dest  Hint  Type  get  Dest  Field  Type  get  Src  Field  Type  get  Dest  Field  Write  Method  Parameter  get  Generic  Type  get  Dest  Value  get  Dest  Hint  Container  set  Dest  Hint  Container  get  Src  Hint  Container  set  Src  Hint  Container  get  Src  Field  Map  Get  Method  get  Src  Field  Map  Set  Method  get  Dest  Field  Map  Get  Method  get  Dest  Field  Map  Set  Method  get  Src  Field  Name  get  Dest  Field  Name  get  Dest  Field  Type  get  Src  Field  Type  get  Date  Format  get  Dest  Field  Create  Method  get  Src  Field  Create  Method  is  Dest  Field  Indexed  is  Src  Field  Indexed  get  Src  Field  Index  get  Dest  Field  Index  get  Src  Field  The  Get  Method  get  Dest  Field  The  Get  Method  get  Src  Field  The  Set  Method  get  Dest  Field  The  Set  Method  get  Src  Field  Key  get  Dest  Field  Key  is  Dest  Field  Accessible  is  Src  Field  Accessible  set  Src  Field  set  Dest  Field  get  Dest  Deep  Index  Hint  Container  set  Dest  Deep  Index  Hint  Container  get  Src  Deep  Index  Hint  Container  set  Src  Deep  Index  Hint  Container  clone  get  Type  set  Type  is  Copy  By  Reference  set  Copy  By  Reference  is  Src  Self  Referencing  is  Dest  Self  Referencing  is  Copy  By  Reference  Overidden  get  Map  Id  set  Map  Id  get  Custom  Converter  set  Custom  Converter  get  Relationship  Type  set  Relationship  Type  validate  get  Src  Property  Descriptor  get  Dest  Property  Descriptor  get  Src  Field  Copy  get  Dest  Field  Copy  get  Src  Field  get  Dest  Field  get  Custom  Converter  Id  set  Custom  Converter  Id  is  Remove  Orphans  set  Remove  Orphans  is  Dest  Map  Null  is  Dest  Map  Empty  String  is  Trim  Strings  is  Stop  On  Errors  is  Non  Cumulative  Relationship  to  String  get  Custom  Converter  Param  set  Custom  Converter  Param,Dozer  Field,type  name  date  Format  the  Get  Method  the  Set  Method  key  map  Set  Method  map  Get  Method  accessible  create  Method  indexed  index,Dozer  Field  set  Type  get  Type  get  Name  get  Date  Format  set  Date  Format  get  The  Get  Method  set  The  Get  Method  get  The  Set  Method  set  The  Set  Method  get  Key  set  Key  get  Map  Get  Method  set  Map  Get  Method  get  Map  Set  Method  set  Map  Set  Method  is  Accessible  set  Accessible  get  Create  Method  set  Create  Method  get  Index  set  Index  is  Indexed  set  Indexed  set  Name  is  Custom  Getter  Setter  Field  is  Map  Type  Custom  Getter  Setter  Field  to  String  clone,0,0
23,determine  Access,Dozer  Class  Field  Map,boolean,,is  Accessible  is  Accessible,Dozer  Field,type  name  date  Format  the  Get  Method  the  Set  Method  key  map  Set  Method  map  Get  Method  accessible  create  Method  indexed  index,Dozer  Field  set  Type  get  Type  get  Name  get  Date  Format  set  Date  Format  get  The  Get  Method  set  The  Get  Method  get  The  Set  Method  set  The  Set  Method  get  Key  set  Key  get  Map  Get  Method  set  Map  Get  Method  get  Map  Set  Method  set  Map  Set  Method  is  Accessible  set  Accessible  get  Create  Method  set  Create  Method  get  Index  set  Index  is  Indexed  set  Indexed  set  Name  is  Custom  Getter  Setter  Field  is  Map  Type  Custom  Getter  Setter  Field  to  String  clone,Field  Map,log  bean  Container  dest  Bean  Creator  property  Descriptor  Factory  class  Map  src  Field  dest  Field  src  Hint  Container  dest  Hint  Container  src  Deep  Index  Hint  Container  dest  Deep  Index  Hint  Container  type  copy  By  Reference  copy  By  Reference  Overidden  map  Id  custom  Converter  custom  Converter  Id  custom  Converter  Param  relationship  Type  remove  Orphans  src  Property  Descriptor  Map  dest  Property  Descriptor  Map,Field  Map  get  Class  Map  set  Class  Map  get  Src  Field  Value  write  Dest  Value  get  Dest  Hint  Type  get  Dest  Field  Type  get  Src  Field  Type  get  Dest  Field  Write  Method  Parameter  get  Generic  Type  get  Dest  Value  get  Dest  Hint  Container  set  Dest  Hint  Container  get  Src  Hint  Container  set  Src  Hint  Container  get  Src  Field  Map  Get  Method  get  Src  Field  Map  Set  Method  get  Dest  Field  Map  Get  Method  get  Dest  Field  Map  Set  Method  get  Src  Field  Name  get  Dest  Field  Name  get  Dest  Field  Type  get  Src  Field  Type  get  Date  Format  get  Dest  Field  Create  Method  get  Src  Field  Create  Method  is  Dest  Field  Indexed  is  Src  Field  Indexed  get  Src  Field  Index  get  Dest  Field  Index  get  Src  Field  The  Get  Method  get  Dest  Field  The  Get  Method  get  Src  Field  The  Set  Method  get  Dest  Field  The  Set  Method  get  Src  Field  Key  get  Dest  Field  Key  is  Dest  Field  Accessible  is  Src  Field  Accessible  set  Src  Field  set  Dest  Field  get  Dest  Deep  Index  Hint  Container  set  Dest  Deep  Index  Hint  Container  get  Src  Deep  Index  Hint  Container  set  Src  Deep  Index  Hint  Container  clone  get  Type  set  Type  is  Copy  By  Reference  set  Copy  By  Reference  is  Src  Self  Referencing  is  Dest  Self  Referencing  is  Copy  By  Reference  Overidden  get  Map  Id  set  Map  Id  get  Custom  Converter  set  Custom  Converter  get  Relationship  Type  set  Relationship  Type  validate  get  Src  Property  Descriptor  get  Dest  Property  Descriptor  get  Src  Field  Copy  get  Dest  Field  Copy  get  Src  Field  get  Dest  Field  get  Custom  Converter  Id  set  Custom  Converter  Id  is  Remove  Orphans  set  Remove  Orphans  is  Dest  Map  Null  is  Dest  Map  Empty  String  is  Trim  Strings  is  Stop  On  Errors  is  Non  Cumulative  Relationship  to  String  get  Custom  Converter  Param  set  Custom  Converter  Param,1,1
24,determine  Access,Dozer  Class  Field  Map,boolean,,is  Accessible  is  Accessible,Field  Map,log  bean  Container  dest  Bean  Creator  property  Descriptor  Factory  class  Map  src  Field  dest  Field  src  Hint  Container  dest  Hint  Container  src  Deep  Index  Hint  Container  dest  Deep  Index  Hint  Container  type  copy  By  Reference  copy  By  Reference  Overidden  map  Id  custom  Converter  custom  Converter  Id  custom  Converter  Param  relationship  Type  remove  Orphans  src  Property  Descriptor  Map  dest  Property  Descriptor  Map,Field  Map  get  Class  Map  set  Class  Map  get  Src  Field  Value  write  Dest  Value  get  Dest  Hint  Type  get  Dest  Field  Type  get  Src  Field  Type  get  Dest  Field  Write  Method  Parameter  get  Generic  Type  get  Dest  Value  get  Dest  Hint  Container  set  Dest  Hint  Container  get  Src  Hint  Container  set  Src  Hint  Container  get  Src  Field  Map  Get  Method  get  Src  Field  Map  Set  Method  get  Dest  Field  Map  Get  Method  get  Dest  Field  Map  Set  Method  get  Src  Field  Name  get  Dest  Field  Name  get  Dest  Field  Type  get  Src  Field  Type  get  Date  Format  get  Dest  Field  Create  Method  get  Src  Field  Create  Method  is  Dest  Field  Indexed  is  Src  Field  Indexed  get  Src  Field  Index  get  Dest  Field  Index  get  Src  Field  The  Get  Method  get  Dest  Field  The  Get  Method  get  Src  Field  The  Set  Method  get  Dest  Field  The  Set  Method  get  Src  Field  Key  get  Dest  Field  Key  is  Dest  Field  Accessible  is  Src  Field  Accessible  set  Src  Field  set  Dest  Field  get  Dest  Deep  Index  Hint  Container  set  Dest  Deep  Index  Hint  Container  get  Src  Deep  Index  Hint  Container  set  Src  Deep  Index  Hint  Container  clone  get  Type  set  Type  is  Copy  By  Reference  set  Copy  By  Reference  is  Src  Self  Referencing  is  Dest  Self  Referencing  is  Copy  By  Reference  Overidden  get  Map  Id  set  Map  Id  get  Custom  Converter  set  Custom  Converter  get  Relationship  Type  set  Relationship  Type  validate  get  Src  Property  Descriptor  get  Dest  Property  Descriptor  get  Src  Field  Copy  get  Dest  Field  Copy  get  Src  Field  get  Dest  Field  get  Custom  Converter  Id  set  Custom  Converter  Id  is  Remove  Orphans  set  Remove  Orphans  is  Dest  Map  Null  is  Dest  Map  Empty  String  is  Trim  Strings  is  Stop  On  Errors  is  Non  Cumulative  Relationship  to  String  get  Custom  Converter  Param  set  Custom  Converter  Param,Dozer  Class,name  class  To  Map  bean  Factory  factory  Bean  Id  map  Get  Method  map  Set  Method  create  Method  map  Null  map  Empty  String  accessible  skip  Constructor  bean  Container,Dozer  Class  Dozer  Class  get  Bean  Factory  set  Bean  Factory  get  Class  To  Map  get  Name  set  Name  get  Factory  Bean  Id  set  Factory  Bean  Id  get  Map  Get  Method  set  Map  Get  Method  get  Map  Set  Method  set  Map  Set  Method  get  Create  Method  set  Create  Method  get  Map  Null  set  Map  Null  get  Map  Empty  String  set  Map  Empty  String  is  Map  Type  Custom  Getter  Setter  Class  is  Accessible  set  Accessible  is  Skip  Constructor  set  Skip  Constructor  to  String,0,0
25,determine  Access,Dozer  Class  Field  Map,boolean,,is  Accessible  is  Accessible,Dozer  Class,name  class  To  Map  bean  Factory  factory  Bean  Id  map  Get  Method  map  Set  Method  create  Method  map  Null  map  Empty  String  accessible  skip  Constructor  bean  Container,Dozer  Class  Dozer  Class  get  Bean  Factory  set  Bean  Factory  get  Class  To  Map  get  Name  set  Name  get  Factory  Bean  Id  set  Factory  Bean  Id  get  Map  Get  Method  set  Map  Get  Method  get  Map  Set  Method  set  Map  Set  Method  get  Create  Method  set  Create  Method  get  Map  Null  set  Map  Null  get  Map  Empty  String  set  Map  Empty  String  is  Map  Type  Custom  Getter  Setter  Class  is  Accessible  set  Accessible  is  Skip  Constructor  set  Skip  Constructor  to  String,Field  Map,log  bean  Container  dest  Bean  Creator  property  Descriptor  Factory  class  Map  src  Field  dest  Field  src  Hint  Container  dest  Hint  Container  src  Deep  Index  Hint  Container  dest  Deep  Index  Hint  Container  type  copy  By  Reference  copy  By  Reference  Overidden  map  Id  custom  Converter  custom  Converter  Id  custom  Converter  Param  relationship  Type  remove  Orphans  src  Property  Descriptor  Map  dest  Property  Descriptor  Map,Field  Map  get  Class  Map  set  Class  Map  get  Src  Field  Value  write  Dest  Value  get  Dest  Hint  Type  get  Dest  Field  Type  get  Src  Field  Type  get  Dest  Field  Write  Method  Parameter  get  Generic  Type  get  Dest  Value  get  Dest  Hint  Container  set  Dest  Hint  Container  get  Src  Hint  Container  set  Src  Hint  Container  get  Src  Field  Map  Get  Method  get  Src  Field  Map  Set  Method  get  Dest  Field  Map  Get  Method  get  Dest  Field  Map  Set  Method  get  Src  Field  Name  get  Dest  Field  Name  get  Dest  Field  Type  get  Src  Field  Type  get  Date  Format  get  Dest  Field  Create  Method  get  Src  Field  Create  Method  is  Dest  Field  Indexed  is  Src  Field  Indexed  get  Src  Field  Index  get  Dest  Field  Index  get  Src  Field  The  Get  Method  get  Dest  Field  The  Get  Method  get  Src  Field  The  Set  Method  get  Dest  Field  The  Set  Method  get  Src  Field  Key  get  Dest  Field  Key  is  Dest  Field  Accessible  is  Src  Field  Accessible  set  Src  Field  set  Dest  Field  get  Dest  Deep  Index  Hint  Container  set  Dest  Deep  Index  Hint  Container  get  Src  Deep  Index  Hint  Container  set  Src  Deep  Index  Hint  Container  clone  get  Type  set  Type  is  Copy  By  Reference  set  Copy  By  Reference  is  Src  Self  Referencing  is  Dest  Self  Referencing  is  Copy  By  Reference  Overidden  get  Map  Id  set  Map  Id  get  Custom  Converter  set  Custom  Converter  get  Relationship  Type  set  Relationship  Type  validate  get  Src  Property  Descriptor  get  Dest  Property  Descriptor  get  Src  Field  Copy  get  Dest  Field  Copy  get  Src  Field  get  Dest  Field  get  Custom  Converter  Id  set  Custom  Converter  Id  is  Remove  Orphans  set  Remove  Orphans  is  Dest  Map  Null  is  Dest  Map  Empty  String  is  Trim  Strings  is  Stop  On  Errors  is  Non  Cumulative  Relationship  to  String  get  Custom  Converter  Param  set  Custom  Converter  Param,1,0
26,add  Converter,Custom  Converter  Container,void,,add  get  Converters,Custom  Converter  Container,converters,get  Converters  set  Converters  get  Custom  Converter  find  Converter  to  String,Custom  Converter  Description,type  class  B  class  A,get  Class  A  set  Class  A  get  Class  B  set  Class  B  get  Type  set  Type  to  String,0,0
27,add  Converter,Custom  Converter  Container,void,,add  get  Converters,Custom  Converter  Description,type  class  B  class  A,get  Class  A  set  Class  A  get  Class  B  set  Class  B  get  Type  set  Type  to  String,Custom  Converter  Container,converters,get  Converters  set  Converters  get  Custom  Converter  find  Converter  to  String,1,1
28,add  Array  Content  Copy,Field  Map  int  Object  Object  Class,Object,,get  Dest  Value  new  Instance  new  Instance  get  Length  get  Length  arraycopy  arraycopy,Mapping  Processor,log  class  Mappings  global  Configuration  custom  Converter  Objects  custom  Converter  Objects  With  Id  event  Manager  custom  Field  Mapper  mapped  Fields  converter  By  Dest  Type  Cache  super  Type  Cache  primitive  Converter  log  Msg  Factory  bean  Container  class  Map  Builder  dest  Bean  Creator  dest  Bean  Builder  Creator,Mapping  Processor  map  map  map  map  get  Mapper  Model  Context  map  General  create  By  Creation  Directive  And  Map  map  To  Dest  Object  map  map  Field  map  From  Field  Map  map  Or  Recurse  Object  map  Enum  get  Serializable  Enum  Class  check  If  Overridden  Enum  map  Custom  Object  map  Collection  map  Map  map  Array  To  Array  map  From  Iterate  Method  Field  Map  add  To  Primitive  Array  map  List  To  Array  map  List  To  List  add  To  Set  add  Or  Update  To  List  determine  Collection  Item  Type  remove  Orphans  prepare  Destination  List  add  Or  Update  To  List  map  Set  To  Array  map  Array  To  List  write  Destination  Value  map  Using  Custom  Converter  Instance  map  Using  Custom  Converter  check  For  Super  Type  Mapping  check  For  Class  Mapping  process  Super  Type  Mapping  get  Existing  Value  get  Class  Map,Field  Map,log  bean  Container  dest  Bean  Creator  property  Descriptor  Factory  class  Map  src  Field  dest  Field  src  Hint  Container  dest  Hint  Container  src  Deep  Index  Hint  Container  dest  Deep  Index  Hint  Container  type  copy  By  Reference  copy  By  Reference  Overidden  map  Id  custom  Converter  custom  Converter  Id  custom  Converter  Param  relationship  Type  remove  Orphans  src  Property  Descriptor  Map  dest  Property  Descriptor  Map,Field  Map  get  Class  Map  set  Class  Map  get  Src  Field  Value  write  Dest  Value  get  Dest  Hint  Type  get  Dest  Field  Type  get  Src  Field  Type  get  Dest  Field  Write  Method  Parameter  get  Generic  Type  get  Dest  Value  get  Dest  Hint  Container  set  Dest  Hint  Container  get  Src  Hint  Container  set  Src  Hint  Container  get  Src  Field  Map  Get  Method  get  Src  Field  Map  Set  Method  get  Dest  Field  Map  Get  Method  get  Dest  Field  Map  Set  Method  get  Src  Field  Name  get  Dest  Field  Name  get  Dest  Field  Type  get  Src  Field  Type  get  Date  Format  get  Dest  Field  Create  Method  get  Src  Field  Create  Method  is  Dest  Field  Indexed  is  Src  Field  Indexed  get  Src  Field  Index  get  Dest  Field  Index  get  Src  Field  The  Get  Method  get  Dest  Field  The  Get  Method  get  Src  Field  The  Set  Method  get  Dest  Field  The  Set  Method  get  Src  Field  Key  get  Dest  Field  Key  is  Dest  Field  Accessible  is  Src  Field  Accessible  set  Src  Field  set  Dest  Field  get  Dest  Deep  Index  Hint  Container  set  Dest  Deep  Index  Hint  Container  get  Src  Deep  Index  Hint  Container  set  Src  Deep  Index  Hint  Container  clone  get  Type  set  Type  is  Copy  By  Reference  set  Copy  By  Reference  is  Src  Self  Referencing  is  Dest  Self  Referencing  is  Copy  By  Reference  Overidden  get  Map  Id  set  Map  Id  get  Custom  Converter  set  Custom  Converter  get  Relationship  Type  set  Relationship  Type  validate  get  Src  Property  Descriptor  get  Dest  Property  Descriptor  get  Src  Field  Copy  get  Dest  Field  Copy  get  Src  Field  get  Dest  Field  get  Custom  Converter  Id  set  Custom  Converter  Id  is  Remove  Orphans  set  Remove  Orphans  is  Dest  Map  Null  is  Dest  Map  Empty  String  is  Trim  Strings  is  Stop  On  Errors  is  Non  Cumulative  Relationship  to  String  get  Custom  Converter  Param  set  Custom  Converter  Param,0,0
29,add  Array  Content  Copy,Field  Map  int  Object  Object  Class,Object,,get  Dest  Value  new  Instance  new  Instance  get  Length  get  Length  arraycopy  arraycopy,Field  Map,log  bean  Container  dest  Bean  Creator  property  Descriptor  Factory  class  Map  src  Field  dest  Field  src  Hint  Container  dest  Hint  Container  src  Deep  Index  Hint  Container  dest  Deep  Index  Hint  Container  type  copy  By  Reference  copy  By  Reference  Overidden  map  Id  custom  Converter  custom  Converter  Id  custom  Converter  Param  relationship  Type  remove  Orphans  src  Property  Descriptor  Map  dest  Property  Descriptor  Map,Field  Map  get  Class  Map  set  Class  Map  get  Src  Field  Value  write  Dest  Value  get  Dest  Hint  Type  get  Dest  Field  Type  get  Src  Field  Type  get  Dest  Field  Write  Method  Parameter  get  Generic  Type  get  Dest  Value  get  Dest  Hint  Container  set  Dest  Hint  Container  get  Src  Hint  Container  set  Src  Hint  Container  get  Src  Field  Map  Get  Method  get  Src  Field  Map  Set  Method  get  Dest  Field  Map  Get  Method  get  Dest  Field  Map  Set  Method  get  Src  Field  Name  get  Dest  Field  Name  get  Dest  Field  Type  get  Src  Field  Type  get  Date  Format  get  Dest  Field  Create  Method  get  Src  Field  Create  Method  is  Dest  Field  Indexed  is  Src  Field  Indexed  get  Src  Field  Index  get  Dest  Field  Index  get  Src  Field  The  Get  Method  get  Dest  Field  The  Get  Method  get  Src  Field  The  Set  Method  get  Dest  Field  The  Set  Method  get  Src  Field  Key  get  Dest  Field  Key  is  Dest  Field  Accessible  is  Src  Field  Accessible  set  Src  Field  set  Dest  Field  get  Dest  Deep  Index  Hint  Container  set  Dest  Deep  Index  Hint  Container  get  Src  Deep  Index  Hint  Container  set  Src  Deep  Index  Hint  Container  clone  get  Type  set  Type  is  Copy  By  Reference  set  Copy  By  Reference  is  Src  Self  Referencing  is  Dest  Self  Referencing  is  Copy  By  Reference  Overidden  get  Map  Id  set  Map  Id  get  Custom  Converter  set  Custom  Converter  get  Relationship  Type  set  Relationship  Type  validate  get  Src  Property  Descriptor  get  Dest  Property  Descriptor  get  Src  Field  Copy  get  Dest  Field  Copy  get  Src  Field  get  Dest  Field  get  Custom  Converter  Id  set  Custom  Converter  Id  is  Remove  Orphans  set  Remove  Orphans  is  Dest  Map  Null  is  Dest  Map  Empty  String  is  Trim  Strings  is  Stop  On  Errors  is  Non  Cumulative  Relationship  to  String  get  Custom  Converter  Param  set  Custom  Converter  Param,Mapping  Processor,log  class  Mappings  global  Configuration  custom  Converter  Objects  custom  Converter  Objects  With  Id  event  Manager  custom  Field  Mapper  mapped  Fields  converter  By  Dest  Type  Cache  super  Type  Cache  primitive  Converter  log  Msg  Factory  bean  Container  class  Map  Builder  dest  Bean  Creator  dest  Bean  Builder  Creator,Mapping  Processor  map  map  map  map  get  Mapper  Model  Context  map  General  create  By  Creation  Directive  And  Map  map  To  Dest  Object  map  map  Field  map  From  Field  Map  map  Or  Recurse  Object  map  Enum  get  Serializable  Enum  Class  check  If  Overridden  Enum  map  Custom  Object  map  Collection  map  Map  map  Array  To  Array  map  From  Iterate  Method  Field  Map  add  To  Primitive  Array  map  List  To  Array  map  List  To  List  add  To  Set  add  Or  Update  To  List  determine  Collection  Item  Type  remove  Orphans  prepare  Destination  List  add  Or  Update  To  List  map  Set  To  Array  map  Array  To  List  write  Destination  Value  map  Using  Custom  Converter  Instance  map  Using  Custom  Converter  check  For  Super  Type  Mapping  check  For  Class  Mapping  process  Super  Type  Mapping  get  Existing  Value  get  Class  Map,1,0
30,determine  Collection  Item  Type,Field  Map  Object  Object  Class,Class,,get  Dest  Hint  Type  get  Class  get  Dest  Hint  Type  get  Class  get  Dest  Hint  Type  get  Class,Mapping  Processor,log  class  Mappings  global  Configuration  custom  Converter  Objects  custom  Converter  Objects  With  Id  event  Manager  custom  Field  Mapper  mapped  Fields  converter  By  Dest  Type  Cache  super  Type  Cache  primitive  Converter  log  Msg  Factory  bean  Container  class  Map  Builder  dest  Bean  Creator  dest  Bean  Builder  Creator,Mapping  Processor  map  map  map  map  get  Mapper  Model  Context  map  General  create  By  Creation  Directive  And  Map  map  To  Dest  Object  map  map  Field  map  From  Field  Map  map  Or  Recurse  Object  map  Enum  get  Serializable  Enum  Class  check  If  Overridden  Enum  map  Custom  Object  map  Collection  map  Map  map  Array  To  Array  map  From  Iterate  Method  Field  Map  add  Array  Content  Copy  add  To  Primitive  Array  map  List  To  Array  map  List  To  List  add  To  Set  add  Or  Update  To  List  remove  Orphans  prepare  Destination  List  add  Or  Update  To  List  map  Set  To  Array  map  Array  To  List  write  Destination  Value  map  Using  Custom  Converter  Instance  map  Using  Custom  Converter  check  For  Super  Type  Mapping  check  For  Class  Mapping  process  Super  Type  Mapping  get  Existing  Value  get  Class  Map,Field  Map,log  bean  Container  dest  Bean  Creator  property  Descriptor  Factory  class  Map  src  Field  dest  Field  src  Hint  Container  dest  Hint  Container  src  Deep  Index  Hint  Container  dest  Deep  Index  Hint  Container  type  copy  By  Reference  copy  By  Reference  Overidden  map  Id  custom  Converter  custom  Converter  Id  custom  Converter  Param  relationship  Type  remove  Orphans  src  Property  Descriptor  Map  dest  Property  Descriptor  Map,Field  Map  get  Class  Map  set  Class  Map  get  Src  Field  Value  write  Dest  Value  get  Dest  Hint  Type  get  Dest  Field  Type  get  Src  Field  Type  get  Dest  Field  Write  Method  Parameter  get  Generic  Type  get  Dest  Value  get  Dest  Hint  Container  set  Dest  Hint  Container  get  Src  Hint  Container  set  Src  Hint  Container  get  Src  Field  Map  Get  Method  get  Src  Field  Map  Set  Method  get  Dest  Field  Map  Get  Method  get  Dest  Field  Map  Set  Method  get  Src  Field  Name  get  Dest  Field  Name  get  Dest  Field  Type  get  Src  Field  Type  get  Date  Format  get  Dest  Field  Create  Method  get  Src  Field  Create  Method  is  Dest  Field  Indexed  is  Src  Field  Indexed  get  Src  Field  Index  get  Dest  Field  Index  get  Src  Field  The  Get  Method  get  Dest  Field  The  Get  Method  get  Src  Field  The  Set  Method  get  Dest  Field  The  Set  Method  get  Src  Field  Key  get  Dest  Field  Key  is  Dest  Field  Accessible  is  Src  Field  Accessible  set  Src  Field  set  Dest  Field  get  Dest  Deep  Index  Hint  Container  set  Dest  Deep  Index  Hint  Container  get  Src  Deep  Index  Hint  Container  set  Src  Deep  Index  Hint  Container  clone  get  Type  set  Type  is  Copy  By  Reference  set  Copy  By  Reference  is  Src  Self  Referencing  is  Dest  Self  Referencing  is  Copy  By  Reference  Overidden  get  Map  Id  set  Map  Id  get  Custom  Converter  set  Custom  Converter  get  Relationship  Type  set  Relationship  Type  validate  get  Src  Property  Descriptor  get  Dest  Property  Descriptor  get  Src  Field  Copy  get  Dest  Field  Copy  get  Src  Field  get  Dest  Field  get  Custom  Converter  Id  set  Custom  Converter  Id  is  Remove  Orphans  set  Remove  Orphans  is  Dest  Map  Null  is  Dest  Map  Empty  String  is  Trim  Strings  is  Stop  On  Errors  is  Non  Cumulative  Relationship  to  String  get  Custom  Converter  Param  set  Custom  Converter  Param,0,0
31,determine  Collection  Item  Type,Field  Map  Object  Object  Class,Class,,get  Dest  Hint  Type  get  Class  get  Dest  Hint  Type  get  Class  get  Dest  Hint  Type  get  Class,Field  Map,log  bean  Container  dest  Bean  Creator  property  Descriptor  Factory  class  Map  src  Field  dest  Field  src  Hint  Container  dest  Hint  Container  src  Deep  Index  Hint  Container  dest  Deep  Index  Hint  Container  type  copy  By  Reference  copy  By  Reference  Overidden  map  Id  custom  Converter  custom  Converter  Id  custom  Converter  Param  relationship  Type  remove  Orphans  src  Property  Descriptor  Map  dest  Property  Descriptor  Map,Field  Map  get  Class  Map  set  Class  Map  get  Src  Field  Value  write  Dest  Value  get  Dest  Hint  Type  get  Dest  Field  Type  get  Src  Field  Type  get  Dest  Field  Write  Method  Parameter  get  Generic  Type  get  Dest  Value  get  Dest  Hint  Container  set  Dest  Hint  Container  get  Src  Hint  Container  set  Src  Hint  Container  get  Src  Field  Map  Get  Method  get  Src  Field  Map  Set  Method  get  Dest  Field  Map  Get  Method  get  Dest  Field  Map  Set  Method  get  Src  Field  Name  get  Dest  Field  Name  get  Dest  Field  Type  get  Src  Field  Type  get  Date  Format  get  Dest  Field  Create  Method  get  Src  Field  Create  Method  is  Dest  Field  Indexed  is  Src  Field  Indexed  get  Src  Field  Index  get  Dest  Field  Index  get  Src  Field  The  Get  Method  get  Dest  Field  The  Get  Method  get  Src  Field  The  Set  Method  get  Dest  Field  The  Set  Method  get  Src  Field  Key  get  Dest  Field  Key  is  Dest  Field  Accessible  is  Src  Field  Accessible  set  Src  Field  set  Dest  Field  get  Dest  Deep  Index  Hint  Container  set  Dest  Deep  Index  Hint  Container  get  Src  Deep  Index  Hint  Container  set  Src  Deep  Index  Hint  Container  clone  get  Type  set  Type  is  Copy  By  Reference  set  Copy  By  Reference  is  Src  Self  Referencing  is  Dest  Self  Referencing  is  Copy  By  Reference  Overidden  get  Map  Id  set  Map  Id  get  Custom  Converter  set  Custom  Converter  get  Relationship  Type  set  Relationship  Type  validate  get  Src  Property  Descriptor  get  Dest  Property  Descriptor  get  Src  Field  Copy  get  Dest  Field  Copy  get  Src  Field  get  Dest  Field  get  Custom  Converter  Id  set  Custom  Converter  Id  is  Remove  Orphans  set  Remove  Orphans  is  Dest  Map  Null  is  Dest  Map  Empty  String  is  Trim  Strings  is  Stop  On  Errors  is  Non  Cumulative  Relationship  to  String  get  Custom  Converter  Param  set  Custom  Converter  Param,Mapping  Processor,log  class  Mappings  global  Configuration  custom  Converter  Objects  custom  Converter  Objects  With  Id  event  Manager  custom  Field  Mapper  mapped  Fields  converter  By  Dest  Type  Cache  super  Type  Cache  primitive  Converter  log  Msg  Factory  bean  Container  class  Map  Builder  dest  Bean  Creator  dest  Bean  Builder  Creator,Mapping  Processor  map  map  map  map  get  Mapper  Model  Context  map  General  create  By  Creation  Directive  And  Map  map  To  Dest  Object  map  map  Field  map  From  Field  Map  map  Or  Recurse  Object  map  Enum  get  Serializable  Enum  Class  check  If  Overridden  Enum  map  Custom  Object  map  Collection  map  Map  map  Array  To  Array  map  From  Iterate  Method  Field  Map  add  Array  Content  Copy  add  To  Primitive  Array  map  List  To  Array  map  List  To  List  add  To  Set  add  Or  Update  To  List  remove  Orphans  prepare  Destination  List  add  Or  Update  To  List  map  Set  To  Array  map  Array  To  List  write  Destination  Value  map  Using  Custom  Converter  Instance  map  Using  Custom  Converter  check  For  Super  Type  Mapping  check  For  Class  Mapping  process  Super  Type  Mapping  get  Existing  Value  get  Class  Map,1,0
